Date,Open,High,Low,Close,Volume,Dividends,Stock Splits
2017-01-03,105.417,108.261,104.851,106.815,1903200,0.0,0.0
2017-01-04,107.0,107.978,105.926,107.362,1090200,0.0,0.0
2017-01-05,107.391,109.258,105.75,107.636,1348300,0.0,0.0
2017-01-06,107.772,108.466,106.424,106.883,1147800,0.0,0.0
2017-01-09,105.652,106.414,103.698,103.737,1811400,0.0,0.0
2017-01-10,104.372,108.085,104.372,106.414,2138800,0.0,0.0
2017-01-11,106.424,107.479,105.232,106.766,1538500,0.0,0.0
2017-01-12,106.512,106.854,102.926,104.108,1490800,0.0,0.0
2017-01-13,104.069,105.828,103.815,104.606,953600,0.0,0.0
2017-01-17,104.284,105.642,103.238,104.782,1219600,0.0,0.0
2017-01-18,105.017,108.759,104.646,108.486,2067500,0.0,0.0
2017-01-19,108.183,109.932,107.108,107.929,1614700,0.0,0.0
2017-01-20,108.447,109.395,107.919,108.652,1252300,0.0,0.0
2017-01-23,108.447,108.711,106.913,107.597,1312200,0.0,0.0
2017-01-24,108.613,111.857,108.007,111.017,1783800,0.0,0.0
2017-01-25,112.375,112.971,110.02,111.652,3048100,0.0,0.0
2017-01-26,120.603,126.436,119.264,124.16,6527800,0.0,0.0
2017-01-27,123.71,125.704,122.342,125.332,2471200,0.0,0.0
2017-01-30,125.801,125.987,121.873,125.831,2762400,0.0,0.0
2017-01-31,126.055,126.642,121.297,123.622,3671200,0.0,0.0
2017-02-01,124.619,128.195,124.619,126.925,2867700,0.0,0.0
2017-02-02,124.433,125.958,123.397,124.189,1764500,0.0,0.0
2017-02-03,124.902,126.642,124.902,125.713,1576400,0.0,0.0
2017-02-06,124.883,125.782,123.007,123.427,1382400,0.0,0.0
2017-02-07,123.788,124.58,122.538,123.358,1255000,0.0,0.0
2017-02-08,123.016,123.016,120.251,121.805,1863400,0.0,0.0
2017-02-09,121.805,123.749,120.945,122.577,1531900,0.0,0.0
2017-02-10,123.27,124.629,122.528,124.218,1313700,0.0,0.0
2017-02-13,124.404,125.967,124.248,124.863,1789800,0.0,0.0
2017-02-14,124.336,126.055,123.182,125.85,952900,0.0,0.0
2017-02-15,125.567,126.612,124.287,126.231,1135200,0.0,0.0
2017-02-16,125.733,126.329,123.544,124.941,989600,0.0,0.0
2017-02-17,124.052,124.052,122.166,123.153,1120700,0.0,0.0
2017-02-21,123.759,126.564,123.554,125.987,1311900,0.0,0.0
2017-02-22,124.922,125.215,123.466,125.137,1124800,0.0,0.0
2017-02-23,126.114,126.896,117.593,118.14,3066000,0.0,0.0
2017-02-24,116.635,121.854,116.391,121.316,2269400,0.0,0.0
2017-02-27,121.863,125.919,121.375,125.283,1748900,0.0,0.0
2017-02-28,123.915,125.752,123.124,125.108,1539700,0.0,0.0
2017-03-01,127.805,131.215,127.785,130.316,2489100,0.0,0.0
2017-03-02,130.072,130.199,125.713,126.065,1962800,0.0,0.0
2017-03-03,126.065,127.179,124.023,125.782,1467900,0.0,0.0
2017-03-06,124.316,127.189,124.003,126.818,1443600,0.0,0.0
2017-03-07,126.417,127.521,124.551,125.225,1497100,0.0,0.0
2017-03-08,126.134,127.013,121.326,121.463,2009300,0.0,0.0
2017-03-09,121.17,122.362,117.837,119.196,3077000,0.0,0.0
2017-03-10,121.023,121.951,118.57,120.143,1454000,0.0,0.0
2017-03-13,120.173,122.205,120.173,121.365,1362800,0.0,0.0
2017-03-14,119.372,119.391,116.577,119.332,2049200,0.0,0.0
2017-03-15,120.388,124.14,119.958,123.466,2135100,0.0,0.0
2017-03-16,124.101,125.528,122.069,122.42,1369700,0.0,0.0
2017-03-17,122.85,123.886,122.293,122.332,977700,0.0,0.0
2017-03-20,121.629,122.968,120.202,122.137,950000,0.0,0.0
2017-03-21,122.469,122.88,116.86,117.271,1795400,0.0,0.0
2017-03-22,116.606,118.707,115.443,117.632,1393800,0.0,0.0
2017-03-23,116.968,119.684,116.704,118.062,1058600,0.0,0.0
2017-03-24,118.56,119.948,116.802,117.935,1259800,0.0,0.0
2017-03-27,114.779,117.271,112.473,116.831,1422400,0.0,0.0
2017-03-28,116.86,121.814,116.499,120.427,1636600,0.0,0.0
2017-03-29,120.251,122.176,119.772,120.818,1069600,0.0,0.0
2017-03-30,120.837,121.707,120.163,121.336,873600,0.0,0.0
2017-03-31,120.534,123.31,120.368,122.196,979300,0.0,0.0
2017-04-03,122.254,122.42,118.844,121.003,1258000,0.0,0.0
2017-04-04,120.31,122.039,119.929,120.945,831500,0.0,0.0
2017-04-05,122.147,123.876,117.534,118.297,1657500,0.0,0.0
2017-04-06,118.736,122.108,118.433,121.17,1263300,0.0,0.0
2017-04-07,120.769,122.567,120.271,120.593,1264600,0.0,0.0
2017-04-10,121.531,123.681,121.111,123.085,1442300,0.0,0.0
2017-04-11,123.114,123.671,121.189,123.055,954200,0.0,0.0
2017-04-12,122.694,123.182,118.062,118.365,1506000,0.0,0.0
2017-04-13,118.551,120.398,116.528,116.567,1324200,0.0,0.0
2017-04-17,117.271,118.209,116.333,118.189,1302900,0.0,0.0
2017-04-18,117.036,117.759,115.238,117.124,1338900,0.0,0.0
2017-04-19,118.199,119.792,116.264,116.723,2840100,0.0,0.0
2017-04-20,111.144,112.023,108.075,110.655,6931700,0.0,0.0
2017-04-21,110.323,110.665,106.336,108.916,3743400,0.0,0.0
2017-04-24,111.114,112.17,110.528,110.968,2589200,0.0,0.0
2017-04-25,111.74,112.6,109.961,110.714,2021300,0.0,0.0
2017-04-26,110.714,112.238,110.587,110.811,1534400,0.0,0.0
2017-04-27,110.313,110.811,105.545,107.02,2798800,0.0,0.0
2017-04-28,109.385,110.303,106.737,107.157,2562300,0.0,0.0
2017-05-01,107.303,107.489,104.616,106.395,1639600,0.0,0.0
2017-05-02,106.492,107.274,105.163,106.141,1400900,0.0,0.0
2017-05-03,105.212,106.287,104.176,105.242,1434300,0.0,0.0
2017-05-04,105.242,105.466,103.317,104.909,1606000,0.0,0.0
2017-05-05,105.115,106.561,104.411,106.473,1365300,0.0,0.0
2017-05-08,108.212,109.59,108.154,109.131,2212800,0.0,0.0
2017-05-09,109.463,109.981,108.535,109.15,1324200,0.0,0.0
2017-05-10,109.199,112.326,108.828,111.623,1779700,0.0,0.0
2017-05-11,111.202,112.541,108.838,111.818,1491400,0.0,0.0
2017-05-12,111.007,111.066,108.701,109.6,1200100,0.0,0.0
2017-05-15,110.548,112.131,110.079,111.232,1333000,0.0,0.0
2017-05-16,111.085,111.417,108.095,109.17,1358000,0.0,0.0
2017-05-17,109.17,109.17,102.33,102.701,2397800,0.0,0.0
2017-05-18,101.831,104.948,100.385,104.069,2588700,0.0,0.0
2017-05-19,104.479,108.066,104.47,107.587,1706200,0.0,0.0
2017-05-22,108.154,108.72,106.698,108.075,1007000,0.0,0.0
2017-05-23,108.056,108.769,106.766,108.759,1047900,0.0,0.0
2017-05-24,108.671,110.763,107.753,108.281,1457300,0.0,0.0
2017-05-25,108.329,111.329,107.743,108.857,1684900,0.0,0.0
2017-05-26,108.466,109.307,107.44,108.632,787000,0.0,0.0
2017-05-30,108.202,109.512,107.46,108.124,1122100,0.0,0.0
2017-05-31,107.831,108.535,103.893,106.248,2129400,0.0,0.0
2017-06-01,107.079,109.795,106.512,107.46,1759300,0.0,0.0
2017-06-02,107.157,107.206,105.691,106.014,1582700,0.0,0.0
2017-06-05,105.926,105.926,101.861,103.326,2856400,0.0,0.0
2017-06-06,102.652,104.157,101.118,103.893,1993800,0.0,0.0
2017-06-07,104.235,104.372,102.193,102.857,1496200,0.0,0.0
2017-06-08,102.857,105.613,102.476,104.108,1242900,0.0,0.0
2017-06-09,104.401,108.271,104.176,107.704,2118200,0.0,0.0
2017-06-12,108.144,109.268,107.411,109.268,1946400,0.0,0.0
2017-06-13,108.808,109.395,107.137,109.111,1614900,0.0,0.0
2017-06-14,108.701,108.701,101.694,102.418,3048800,0.0,0.0
2017-06-15,101.392,103.258,100.512,101.128,2141300,0.0,0.0
2017-06-16,101.294,102.818,100.385,102.799,1882200,0.0,0.0
2017-06-19,103.229,104.997,102.975,104.509,1018200,0.0,0.0
2017-06-20,103.795,103.795,100.082,101.538,2093100,0.0,0.0
2017-06-21,101.88,102.349,98.323,99.3,1902800,0.0,0.0
2017-06-22,99.838,101.968,98.988,101.45,1377000,0.0,0.0
2017-06-23,101.626,103.346,100.922,102.457,1580000,0.0,0.0
2017-06-26,102.564,104.733,102.564,103.688,862300,0.0,0.0
2017-06-27,104.352,106.17,103.336,103.365,1292700,0.0,0.0
2017-06-28,104.645,106.6,104.382,106.014,1264300,0.0,0.0
2017-06-29,107.206,111.066,106.307,107.196,2428400,0.0,0.0
2017-06-30,108.183,111.271,107.997,110.137,2065200,0.0,0.0
2017-07-03,111.007,112.453,110.03,110.626,747900,0.0,0.0
2017-07-05,111.163,114.867,110.186,111.662,1905800,0.0,0.0
2017-07-06,111.574,112.766,109.365,109.785,2250600,0.0,0.0
2017-07-07,109.825,110.44,108.574,109.981,1024800,0.0,0.0
2017-07-10,109.502,112.033,108.554,110.948,1114800,0.0,0.0
2017-07-11,111.232,111.476,109.365,111.095,817400,0.0,0.0
2017-07-12,112.111,114.642,111.456,111.652,1258000,0.0,0.0
2017-07-13,113.45,113.45,110.753,112.121,1844300,0.0,0.0
2017-07-14,112.443,114.964,111.72,114.535,1260500,0.0,0.0
2017-07-17,115.912,116.714,114.486,115.101,1506000,0.0,0.0
2017-07-18,114.662,115.15,113.645,114.798,1723700,0.0,0.0
2017-07-19,114.798,116.469,114.368,115.99,1781700,0.0,0.0
2017-07-20,121.17,123.378,118.619,119.743,3581600,0.0,0.0
2017-07-21,117.994,118.756,116.528,116.587,1782200,0.0,0.0
2017-07-24,116.772,117.71,114.847,115.688,1355800,0.0,0.0
2017-07-25,117.036,120.153,116.958,118.414,1749400,0.0,0.0
2017-07-26,119.381,119.381,117.026,117.427,949500,0.0,0.0
2017-07-27,117.446,118.463,116.0,118.013,1086800,0.0,0.0
2017-07-28,117.857,118.179,116.313,116.997,1109400,0.0,0.0
2017-07-31,117.183,117.505,115.717,116.245,866700,0.0,0.0
2017-08-01,116.743,116.841,113.03,113.899,1597800,0.0,0.0
2017-08-02,113.225,114.368,111.456,112.404,1307100,0.0,0.0
2017-08-03,112.844,114.407,112.58,113.655,1177200,0.0,0.0
2017-08-04,114.525,115.951,114.339,115.668,920600,0.0,0.0
2017-08-07,115.815,116.127,114.759,115.404,830500,0.0,0.0
2017-08-08,114.72,116.694,114.212,114.701,848700,0.0,0.0
2017-08-09,113.43,114.144,111.984,112.678,944900,0.0,0.0
2017-08-10,112.092,112.864,109.013,109.072,1697800,0.0,0.0
2017-08-11,108.877,109.688,108.173,108.994,982700,0.0,0.0
2017-08-14,110.421,111.075,109.434,109.639,1209900,0.0,0.0
2017-08-15,110.518,110.636,109.053,109.434,681900,0.0,0.0
2017-08-16,110.245,110.743,108.623,109.414,995900,0.0,0.0
2017-08-17,113.108,113.352,109.043,109.268,2070200,0.0,0.0
2017-08-18,110.382,110.626,108.124,109.307,1411900,0.0,0.0
2017-08-21,109.16,109.307,105.212,105.926,1366700,0.0,0.0
2017-08-22,106.512,109.991,106.512,109.873,1378700,0.0,0.0
2017-08-23,108.818,109.189,106.209,106.209,1019300,0.0,0.0
2017-08-24,106.512,107.255,104.88,105.154,973600,0.0,0.0
2017-08-25,105.584,105.916,104.089,104.812,1073000,0.0,0.0
2017-08-28,106.023,108.241,105.75,108.183,1338200,0.0,0.0
2017-08-29,107.079,113.196,106.932,112.316,2941900,0.0,0.0
2017-08-30,112.473,117.065,110.548,116.469,3207200,0.0,0.0
2017-08-31,116.86,117.955,114.857,115.365,1734300,0.0,0.0
2017-09-01,115.668,118.414,115.668,117.808,1646500,0.0,0.0
2017-09-05,117.808,118.902,115.17,116.372,1508500,0.0,0.0
2017-09-06,117.71,118.658,117.056,118.394,1439500,0.0,0.0
2017-09-07,118.727,120.349,117.583,120.28,1871400,0.0,0.0
2017-09-08,120.681,125.078,120.681,123.798,2616500,0.0,0.0
2017-09-11,122.538,123.456,120.632,122.176,2174600,0.0,0.0
2017-09-12,124.209,125.557,123.29,124.775,1418600,0.0,0.0
2017-09-13,124.59,126.671,123.231,125.88,1434700,0.0,0.0
2017-09-14,125.342,125.811,123.896,124.453,1301900,0.0,0.0
2017-09-15,124.248,125.879,124.072,125.176,1119500,0.0,0.0
2017-09-18,125.176,126.554,125.166,126.476,920000,0.0,0.0
2017-09-19,126.544,126.993,125.195,126.925,846800,0.0,0.0
2017-09-20,127.033,129.28,126.759,127.756,1041600,0.0,0.0
2017-09-21,128.215,128.215,126.935,127.15,894800,0.0,0.0
2017-09-22,126.759,129.778,126.065,129.29,998000,0.0,0.0
2017-09-25,129.69,129.945,128.225,129.192,1023900,0.0,0.0
2017-09-26,129.378,131.498,129.006,130.883,1040700,0.0,0.0
2017-09-27,131.557,133.99,131.088,132.593,1236700,0.0,0.0
2017-09-28,132.671,135.172,132.094,134.821,1039300,0.0,0.0
2017-09-29,134.811,136.785,133.834,135.573,1224400,0.0,0.0
2017-10-02,136.023,136.56,133.716,136.023,1368300,0.0,0.0
2017-10-03,136.521,139.452,135.808,139.452,1670200,0.0,0.0
2017-10-04,138.974,139.062,136.277,137.537,1654000,0.0,0.0
2017-10-05,138.309,139.882,137.596,138.739,997700,0.0,0.0
2017-10-06,138.202,139.804,137.781,138.993,865300,0.0,0.0
2017-10-09,139.404,139.619,137.869,139.237,810800,0.0,0.0
2017-10-10,140.322,140.899,137.146,138.319,1105600,0.0,0.0
2017-10-11,138.593,139.189,137.694,138.915,825600,0.0,0.0
2017-10-12,137.772,141.055,136.961,140.723,1120100,0.0,0.0
2017-10-13,141.592,142.237,140.156,140.918,884900,0.0,0.0
2017-10-16,142.56,143.322,141.153,142.462,1204000,0.0,0.0
2017-10-17,142.11,142.306,139.746,140.068,1525600,0.0,0.0
2017-10-18,140.781,141.299,138.915,141.026,1922400,0.0,0.0
2017-10-19,141.495,144.231,137.723,141.104,2955500,0.0,0.0
2017-10-20,141.505,143.342,140.742,141.104,2525000,0.0,0.0
2017-10-23,141.143,141.338,137.977,138.251,1372400,0.0,0.0
2017-10-24,139.198,142.179,138.935,140.654,1420400,0.0,0.0
2017-10-25,139.98,140.811,135.036,135.739,2508100,0.0,0.0
2017-10-26,136.56,138.983,136.12,138.016,2021000,0.0,0.0
2017-10-27,138.114,142.726,138.114,142.609,1365800,0.0,0.0
2017-10-30,142.003,143.371,139.98,140.312,1256900,0.0,0.0
2017-10-31,140.322,141.514,138.006,138.251,1329100,0.0,0.0
2017-11-01,140.068,141.29,139.345,140.391,1147300,0.0,0.0
2017-11-02,140.097,143.517,139.736,142.257,1025900,0.0,0.0
2017-11-03,141.778,142.667,141.162,141.407,708200,0.0,0.0
2017-11-06,141.944,145.13,141.807,145.013,1092300,0.0,0.0
2017-11-07,145.013,146.039,143.215,144.182,765000,0.0,0.0
2017-11-08,143.566,145.443,143.156,145.345,917600,0.0,0.0
2017-11-09,142.667,144.026,139.785,141.778,1045000,0.0,0.0
2017-11-10,141.641,143.625,141.641,142.97,743300,0.0,0.0
2017-11-13,141.876,142.394,140.303,141.309,1313900,0.0,0.0
2017-11-14,140.469,142.833,140.469,141.563,1112900,0.0,0.0
2017-11-15,140.684,141.544,138.133,140.107,1058600,0.0,0.0
2017-11-16,141.69,145.169,140.371,144.973,1648900,0.0,0.0
2017-11-17,144.377,147.7,144.065,146.664,1607300,0.0,0.0
2017-11-20,146.332,149.273,146.332,148.042,1026900,0.0,0.0
2017-11-21,148.628,151.462,148.53,150.182,1318800,0.0,0.0
2017-11-22,151.081,151.423,149.019,149.771,1053300,0.0,0.0
2017-11-24,150.104,151.902,148.687,149.664,768100,0.0,0.0
2017-11-27,149.39,151.208,148.892,149.859,1004900,0.0,0.0
2017-11-28,150.504,153.221,149.683,153.025,863000,0.0,0.0
2017-11-29,152.439,155.058,151.648,154.237,1184000,0.0,0.0
2017-11-30,154.862,157.667,154.432,155.84,1467000,0.0,0.0
2017-12-01,155.439,155.81,147.846,153.504,1735800,0.0,0.0
2017-12-04,156.563,160.178,156.084,156.103,1312800,0.0,0.0
2017-12-05,156.103,157.892,154.589,155.556,918200,0.0,0.0
2017-12-06,154.579,155.986,153.27,154.667,606400,0.0,0.0
2017-12-07,154.608,159.436,154.257,158.673,966100,0.0,0.0
2017-12-08,160.002,161.409,159.055,160.256,1094800,0.0,0.0
2017-12-11,160.774,161.869,159.397,160.081,949400,0.0,0.0
2017-12-12,160.256,162.064,159.436,159.914,832300,0.0,0.0
2017-12-13,159.27,161.918,156.709,160.071,948200,0.0,0.0
2017-12-14,160.081,161.527,157.276,157.491,990400,0.0,0.0
2017-12-15,159.084,161.82,158.634,160.54,1225900,0.0,0.0
2017-12-18,162.191,165.191,161.781,164.722,1292000,0.0,0.0
2017-12-19,165.504,166.442,161.253,162.582,1390100,0.0,0.0
2017-12-20,164.155,165.162,161.947,164.458,1419100,0.0,0.0
2017-12-21,165.817,166.843,163.823,166.579,1090300,0.0,0.0
2017-12-22,166.579,167.409,164.38,165.621,575000,0.0,0.0
2017-12-26,165.142,167.908,165.133,166.716,749700,0.0,0.0
2017-12-27,166.579,168.289,166.139,167.556,611000,0.0,0.0
2017-12-28,168.445,169.51,167.126,169.373,801600,0.0,0.0
2017-12-29,169.823,170.419,167.859,167.986,624500,0.0,0.0
2018-01-02,168.973,169.989,167.781,169.618,813300,0.0,0.0
2018-01-03,170.468,171.729,169.442,171.191,844100,0.0,0.0
2018-01-04,171.836,172.588,165.758,168.074,1331000,0.0,0.0
2018-01-05,169.051,169.364,165.631,167.468,1078600,0.0,0.0
2018-01-08,167.38,168.729,165.563,168.514,1623600,0.0,0.0
2018-01-09,168.807,169.569,166.803,168.494,981500,0.0,0.0
2018-01-10,167.81,170.937,167.585,169.246,1100500,0.0,0.0
2018-01-11,170.82,175.881,170.654,175.881,1533900,0.0,0.0
2018-01-12,176.478,178.686,175.422,176.761,882600,0.0,0.0
2018-01-16,177.797,179.8,172.647,174.885,1083800,0.0,0.0
2018-01-17,174.68,176.556,173.468,176.057,693800,0.0,0.0
2018-01-18,176.214,177.64,175.666,177.103,814400,0.0,0.0
2018-01-19,177.552,180.044,176.693,179.477,1208300,0.0,0.0
2018-01-22,179.8,182.898,176.868,182.849,995400,0.0,0.0
2018-01-23,183.22,184.422,179.683,181.627,1531500,0.0,0.0
2018-01-24,182.214,182.81,179.683,181.285,1836900,0.0,0.0
2018-01-25,181.754,184.686,172.52,177.758,3108700,0.0,0.0
2018-01-26,180.474,182.976,176.321,181.139,1963200,0.0,0.0
2018-01-29,180.709,184.012,176.096,176.351,1996900,0.0,0.0
2018-01-30,173.018,178.813,172.754,177.982,1401100,0.0,0.0
2018-01-31,180.875,181.647,175.676,176.976,1420300,0.0,0.0
2018-02-01,176.556,179.341,174.377,175.549,1431400,0.0,0.0
2018-02-02,173.526,174.142,169.09,169.344,1496700,0.0,0.0
2018-02-05,167.8,171.992,162.778,162.905,2209500,0.0,0.0
2018-02-06,158.576,168.816,157.726,167.429,1982500,0.0,0.0
2018-02-07,166.598,172.041,166.422,169.618,1839700,0.0,0.0
2018-02-08,169.862,169.95,158.165,158.292,2291400,0.0,0.0
2018-02-09,160.755,162.641,152.449,160.511,2529300,0.0,0.0
2018-02-12,162.826,164.918,159.485,162.269,1551500,0.0,0.0
2018-02-13,161.331,163.637,160.774,162.533,1359300,0.0,0.0
2018-02-14,160.276,164.449,159.612,163.227,1284800,0.0,0.0
2018-02-15,165.181,165.817,160.364,163.423,1203600,0.0,0.0
2018-02-16,162.611,166.794,162.611,164.185,1047800,0.0,0.0
2018-02-20,163.374,170.761,162.993,168.318,1356900,0.0,0.0
2018-02-21,167.937,171.601,167.683,167.976,1293400,0.0,0.0
2018-02-22,169.686,172.412,168.65,171.162,1706000,0.0,0.0
2018-02-23,172.657,175.139,171.377,175.002,1317300,0.0,0.0
2018-02-26,176.243,176.937,173.312,176.507,1123100,0.0,0.0
2018-02-27,176.38,178.002,174.24,174.347,1138300,0.0,0.0
2018-02-28,175.364,175.881,171.044,171.093,1373500,0.0,0.0
2018-03-01,170.771,171.005,166.559,169.286,1782300,0.0,0.0
2018-03-02,168.709,173.067,165.631,172.569,1659800,0.0,0.0
2018-03-05,171.298,176.986,169.794,176.585,1325900,0.0,0.0
2018-03-06,176.653,181.598,174.474,180.767,1365600,0.0,0.0
2018-03-07,178.608,180.484,173.263,177.21,1883700,0.0,0.0
2018-03-08,177.396,180.201,175.901,179.175,885900,0.0,0.0
2018-03-09,180.894,185.233,179.663,185.077,1069600,0.0,0.0
2018-03-12,185.077,185.174,181.168,182.37,1347700,0.0,0.0
2018-03-13,183.357,186.386,181.862,182.389,908200,0.0,0.0
2018-03-14,183.621,183.914,179.907,180.601,889600,0.0,0.0
2018-03-15,181.774,182.37,178.207,178.735,1012400,0.0,0.0
2018-03-16,178.823,183.709,178.451,182.038,1089200,0.0,0.0
2018-03-19,181.383,181.832,178.676,181.168,1018300,0.0,0.0
2018-03-20,181.442,183.591,180.601,180.933,1037800,0.0,0.0
2018-03-21,180.748,185.956,180.298,182.995,913800,0.0,0.0
2018-03-22,179.8,181.979,175.481,176.145,1449100,0.0,0.0
2018-03-23,176.976,176.976,170.048,170.204,1143200,0.0,0.0
2018-03-26,173.575,176.683,171.895,176.448,1430700,0.0,0.0
2018-03-27,177.337,179.556,171.983,173.106,1135700,0.0,0.0
2018-03-28,173.175,173.175,165.093,165.25,1815400,0.0,0.0
2018-03-29,166.999,170.194,164.595,168.787,1567900,0.0,0.0
2018-04-02,168.113,168.797,159.836,162.797,1649800,0.0,0.0
2018-04-03,163.462,165.944,162.524,165.631,1340000,0.0,0.0
2018-04-04,161.282,170.409,160.706,169.715,1478000,0.0,0.0
2018-04-05,171.328,174.68,170.028,173.878,1356900,0.0,0.0
2018-04-06,172.198,175.197,165.738,168.211,1178700,0.0,0.0
2018-04-09,169.999,171.435,167.742,168.015,932500,0.0,0.0
2018-04-10,171.699,174.68,169.764,173.908,1115200,0.0,0.0
2018-04-11,171.934,174.269,169.667,169.999,1026700,0.0,0.0
2018-04-12,171.005,173.585,170.409,172.295,791600,0.0,0.0
2018-04-13,174.435,174.758,168.885,169.002,1289900,0.0,0.0
2018-04-16,170.693,172.803,168.572,170.155,1663500,0.0,0.0
2018-04-17,171.875,174.123,171.396,173.487,1456200,0.0,0.0
2018-04-18,175.539,177.513,174.523,175.891,2129300,0.0,0.0
2018-04-19,170.028,171.738,161.967,164.38,4919200,0.0,0.0
2018-04-20,166.022,166.295,158.908,159.494,2347600,0.0,0.0
2018-04-23,159.309,161.185,158.283,159.875,1244100,0.0,0.0
2018-04-24,160.511,161.165,150.553,152.859,2294100,0.0,0.0
2018-04-25,152.83,155.077,149.859,154.276,1413800,0.0,0.0
2018-04-26,154.999,155.371,150.162,151.804,1406500,0.0,0.0
2018-04-27,151.54,153.748,151.521,151.765,1089800,0.0,0.0
2018-04-30,151.804,152.273,146.469,146.576,1262900,0.0,0.0
2018-05-01,145.804,147.749,142.599,145.247,1859000,0.0,0.0
2018-05-02,145.648,148.53,145.306,145.882,1261800,0.0,0.0
2018-05-03,145.56,146.986,142.022,146.381,1420300,0.0,0.0
2018-05-04,146.185,150.719,144.7,149.732,1112700,0.0,0.0
2018-05-07,150.983,158.048,150.915,155.849,2258900,0.0,0.0
2018-05-08,155.019,157.325,154.345,155.693,1510900,0.0,0.0
2018-05-09,156.7,159.123,155.81,158.615,1180800,0.0,0.0
2018-05-10,160.041,163.344,159.397,162.563,1335500,0.0,0.0
2018-05-11,163.325,164.693,161.791,163.081,844900,0.0,0.0
2018-05-14,163.96,164.097,161.302,161.781,918300,0.0,0.0
2018-05-15,161.136,162.699,160.256,161.771,810900,0.0,0.0
2018-05-16,161.624,166.579,161.615,165.611,1061300,0.0,0.0
2018-05-17,165.523,167.478,164.556,166.471,842100,0.0,0.0
2018-05-18,166.559,168.465,165.67,165.944,804900,0.0,0.0
2018-05-21,167.527,170.605,166.628,169.813,818800,0.0,0.0
2018-05-22,170.028,171.416,162.738,162.973,1127000,0.0,0.0
2018-05-23,161.624,163.999,159.905,163.94,1213600,0.0,0.0
2018-05-24,162.211,164.986,160.745,163.589,928900,0.0,0.0
2018-05-25,162.817,163.022,157.384,158.243,1284800,0.0,0.0
2018-05-29,156.592,159.133,155.654,156.797,835700,0.0,0.0
2018-05-30,157.901,159.592,156.23,158.664,893100,0.0,0.0
2018-05-31,158.449,158.449,155.449,155.928,1261200,0.0,0.0
2018-06-01,157.52,161.644,157.012,159.543,1153700,0.0,0.0
2018-06-04,159.817,160.706,157.149,157.667,908100,0.0,0.0
2018-06-05,158.077,160.667,157.882,160.178,713100,0.0,0.0
2018-06-06,161.068,162.025,159.709,161.087,1079700,0.0,0.0
2018-06-07,161.732,163.921,160.628,162.426,1037900,0.0,0.0
2018-06-08,161.752,163.08,161.116,162.993,533700,0.0,0.0
2018-06-11,162.748,164.947,162.279,164.097,566300,0.0,0.0
2018-06-12,164.556,168.631,164.331,165.924,954600,0.0,0.0
2018-06-13,165.895,165.934,162.738,162.836,725800,0.0,0.0
2018-06-14,162.885,164.898,160.208,160.706,866200,0.0,0.0
2018-06-15,158.595,159.387,155.009,157.178,1866600,0.0,0.0
2018-06-18,155.488,160.061,155.009,159.592,983900,0.0,0.0
2018-06-19,157.051,157.462,152.752,155.752,1443700,0.0,0.0
2018-06-20,156.602,158.302,154.726,157.999,897900,0.0,0.0
2018-06-21,156.739,156.827,148.55,149.683,2113300,0.0,0.0
2018-06-22,154.345,157.139,150.973,151.413,2398700,0.0,0.0
2018-06-25,149.996,149.996,142.589,144.768,2172300,0.0,0.0
2018-06-26,145.706,146.341,142.98,144.114,1626200,0.0,0.0
2018-06-27,145.198,148.501,143.117,143.224,1544300,0.0,0.0
2018-06-28,142.951,144.534,140.127,144.104,1093100,0.0,0.0
2018-06-29,145.013,148.012,144.084,144.25,1530000,0.0,0.0
2018-07-02,141.338,143.088,139.355,141.446,1096400,0.0,0.0
2018-07-03,142.804,145.198,141.641,141.837,644000,0.0,0.0
2018-07-05,143.205,145.364,141.827,145.11,1365100,0.0,0.0
2018-07-06,145.267,147.905,144.133,146.117,1047200,0.0,0.0
2018-07-09,147.24,151.95,146.918,151.569,1153500,0.0,0.0
2018-07-10,154.775,155.283,149.537,150.768,1743500,0.0,0.0
2018-07-11,148.276,150.416,148.012,148.227,1038000,0.0,0.0
2018-07-12,149.977,150.328,146.811,148.833,1074300,0.0,0.0
2018-07-13,150.68,152.517,150.172,151.296,1115400,0.0,0.0
2018-07-16,150.807,151.218,147.729,148.286,1429900,0.0,0.0
2018-07-17,147.319,149.771,146.644,148.736,1262400,0.0,0.0
2018-07-18,150.104,152.214,148.149,151.374,2483500,0.0,0.0
2018-07-19,146.644,153.113,146.576,152.996,3005100,0.0,0.0
2018-07-20,151.921,152.83,147.397,147.661,1808500,0.0,0.0
2018-07-23,147.543,148.071,144.055,145.912,1751000,0.0,0.0
2018-07-24,147.377,148.413,142.98,144.563,1477000,0.0,0.0
2018-07-25,143.596,144.28,140.058,143.019,1634500,0.0,0.0
2018-07-26,142.892,148.824,142.882,147.524,1394400,0.0,0.0
2018-07-27,148.296,148.824,143.009,143.947,1075700,0.0,0.0
2018-07-30,144.622,145.98,141.778,142.13,1065600,0.0,0.0
2018-07-31,142.863,146.136,142.863,145.403,1504800,0.0,0.0
2018-08-01,145.345,145.745,142.267,143.508,1288600,0.0,0.0
2018-08-02,142.149,144.641,140.801,143.772,890300,0.0,0.0
2018-08-03,144.524,145.11,143.019,145.022,817900,0.0,0.0
2018-08-06,144.817,148.267,144.68,147.866,1034300,0.0,0.0
2018-08-07,148.599,150.778,148.413,150.504,1344900,0.0,0.0
2018-08-08,149.938,150.211,148.286,148.384,758300,0.0,0.0
2018-08-09,148.569,149.42,147.162,147.319,549100,0.0,0.0
2018-08-10,145.853,146.732,143.938,145.198,703400,0.0,0.0
2018-08-13,145.228,146.566,143.899,144.798,786100,0.0,0.0
2018-08-14,145.228,149.048,145.11,147.758,987600,0.0,0.0
2018-08-15,146.058,146.175,141.202,143.517,1351600,0.0,0.0
2018-08-16,145.003,147.045,144.876,145.589,649100,0.0,0.0
2018-08-17,145.599,147.543,145.296,147.074,620300,0.0,0.0
2018-08-20,147.211,152.625,147.123,150.915,1066900,0.0,0.0
2018-08-21,151.413,155.928,151.413,154.335,1271100,0.0,0.0
2018-08-22,153.768,155.429,152.937,153.729,781100,0.0,0.0
2018-08-23,153.064,153.338,150.358,150.612,505300,0.0,0.0
2018-08-24,151.628,153.192,150.876,152.605,533200,0.0,0.0
2018-08-27,153.709,156.397,152.879,155.673,1095300,0.0,0.0
2018-08-28,156.348,157.794,154.1,154.862,746300,0.0,0.0
2018-08-29,155.165,156.621,152.947,156.123,637500,0.0,0.0
2018-08-30,155.683,155.683,152.576,153.104,807400,0.0,0.0
2018-08-31,152.468,153.172,151.784,152.312,826100,0.0,0.0
2018-09-04,152.312,155.371,151.511,154.491,1119000,0.0,0.0
2018-09-05,153.573,154.892,152.38,153.045,1088400,0.0,0.0
2018-09-06,153.729,154.374,147.964,150.309,1341300,0.0,0.0
2018-09-07,149.146,149.967,147.328,148.824,938700,0.0,0.0
2018-09-10,151.452,157.54,150.309,156.338,1928200,0.0,0.0
2018-09-11,155.879,165.289,155.869,164.536,2860700,0.0,0.0
2018-09-12,165.367,165.367,161.576,163.286,1881700,0.0,0.0
2018-09-13,164.107,166.54,162.406,163.041,1220100,0.0,0.0
2018-09-14,163.276,165.865,162.846,165.093,1070600,0.0,0.0
2018-09-17,165.396,166.002,160.667,161.175,1327100,0.0,0.0
2018-09-18,161.409,163.696,160.618,163.237,1020900,0.0,0.0
2018-09-19,163.677,168.474,163.09,165.103,1091000,0.0,0.0
2018-09-20,166.569,169.051,164.419,167.839,1523900,0.0,0.0
2018-09-21,168.191,168.367,164.927,165.181,1575000,0.0,0.0
2018-09-24,164.654,165.045,162.524,164.234,780000,0.0,0.0
2018-09-25,164.585,165.377,163.09,164.742,698800,0.0,0.0
2018-09-26,164.722,166.833,163.237,164.028,810700,0.0,0.0
2018-09-27,165.416,166.637,163.423,165.221,588100,0.0,0.0
2018-09-28,164.37,164.703,159.846,159.866,1472400,0.0,0.0
2018-10-01,160.53,161.664,158.283,158.957,1444000,0.0,0.0
2018-10-02,158.302,159.641,156.68,156.739,1078300,0.0,0.0
2018-10-03,157.814,163.471,157.804,161.752,1178500,0.0,0.0
2018-10-04,161.39,162.054,157.442,159.465,910100,0.0,0.0
2018-10-05,158.703,160.178,153.543,155.586,1370500,0.0,0.0
2018-10-08,154.335,155.234,149.85,152.507,1382600,0.0,0.0
2018-10-09,151.892,152.156,149.136,149.253,1177600,0.0,0.0
2018-10-10,148.833,149.097,140.351,141.534,2359800,0.0,0.0
2018-10-11,140.733,144.592,136.462,136.648,1971700,0.0,0.0
2018-10-12,141.505,141.505,132.583,134.733,2478700,0.0,0.0
2018-10-15,134.361,136.218,133.257,134.479,1558900,0.0,0.0
2018-10-16,135.055,138.329,133.14,137.996,1792300,0.0,0.0
2018-10-17,138.593,138.641,135.368,135.866,2601700,0.0,0.0
2018-10-18,129.28,130.56,114.867,115.434,9440700,0.0,0.0
2018-10-19,116.059,120.192,114.212,114.447,4771800,0.0,0.0
2018-10-22,115.619,116.479,111.29,112.287,3394200,0.0,0.0
2018-10-23,107.87,112.981,105.447,111.798,3645700,0.0,0.0
2018-10-24,112.355,114.3,104.294,104.548,3411600,0.0,0.0
2018-10-25,107.04,110.577,106.522,108.789,2323200,0.0,0.0
2018-10-26,106.512,108.388,104.049,106.737,2312800,0.0,0.0
2018-10-29,108.427,111.349,104.968,106.795,2136800,0.0,0.0
2018-10-30,105.828,113.333,105.554,112.981,2622600,0.0,0.0
2018-10-31,116.567,123.544,116.039,117.329,4268200,0.0,0.0
2018-11-01,119.547,123.163,117.798,122.84,3101100,0.0,0.0
2018-11-02,123.73,124.795,119.997,122.284,2470800,0.0,0.0
2018-11-05,122.987,125.41,119.587,123.808,1519700,0.0,0.0
2018-11-06,123.27,126.954,123.173,126.798,1751200,0.0,0.0
2018-11-07,129.827,131.42,126.886,128.322,2878100,0.0,0.0
2018-11-08,129.231,130.13,123.466,123.827,2085800,0.0,0.0
2018-11-09,122.02,124.687,117.378,123.779,2131800,0.0,0.0
2018-11-12,123.896,124.443,117.095,118.394,2027700,0.0,0.0
2018-11-13,118.453,120.788,116.235,116.841,1946900,0.0,0.0
2018-11-14,118.863,120.837,114.994,116.958,1660900,0.0,0.0
2018-11-15,116.254,117.134,112.082,115.795,2120800,0.0,0.0
2018-11-16,114.818,115.365,111.583,112.346,2379000,0.0,0.0
2018-11-19,111.691,113.626,109.639,109.971,1974200,0.0,0.0
2018-11-20,106.825,109.903,104.802,107.342,2356100,0.0,0.0
2018-11-21,109.101,112.697,108.916,110.421,1575100,0.0,0.0
2018-11-23,108.017,109.404,107.284,107.372,699200,0.0,0.0
2018-11-26,108.759,113.098,108.759,112.688,1341200,0.0,0.0
2018-11-27,111.281,112.404,108.857,109.971,1615400,0.0,0.0
2018-11-28,110.733,114.798,107.86,114.574,1662500,0.0,0.0
2018-11-29,113.587,114.622,112.375,113.274,1082100,0.0,0.0
2018-11-30,112.697,115.189,112.14,114.456,1477300,0.0,0.0
2018-12-03,118.727,121.394,115.306,116.538,1612800,0.0,0.0
2018-12-04,115.512,116.235,103.532,103.864,3214400,0.0,0.0
2018-12-06,101.079,104.216,99.76,102.437,2415800,0.0,0.0
2018-12-07,103.668,105.525,100.864,101.567,2570000,0.0,0.0
2018-12-10,100.717,102.183,97.229,99.535,1975700,0.0,0.0
2018-12-11,101.587,104.743,98.538,99.535,1606200,0.0,0.0
2018-12-12,104.675,109.512,104.587,105.828,3437900,0.0,0.0
2018-12-13,107.733,110.323,106.023,106.395,2203700,0.0,0.0
2018-12-14,104.118,107.118,102.955,103.385,1833800,0.0,0.0
2018-12-17,102.652,106.014,100.6,103.004,1569200,0.0,0.0
2018-12-18,103.874,107.02,100.512,102.154,1710400,0.0,0.0
2018-12-19,101.861,106.062,97.786,98.597,2404200,0.0,0.0
2018-12-20,98.05,100.805,97.229,99.046,2518600,0.0,0.0
2018-12-21,99.906,102.506,96.77,97.239,2378800,0.0,0.0
2018-12-24,96.222,97.297,93.467,93.711,1007900,0.0,0.0
2018-12-26,94.405,100.883,92.128,100.766,1553700,0.0,0.0
2018-12-27,98.626,102.418,97.209,102.398,1448300,0.0,0.0
2018-12-28,103.023,103.023,98.538,99.183,1832300,0.0,0.0
2018-12-31,100.434,100.883,96.525,100.19,1743500,0.0,0.0
2019-01-02,98.02,103.571,96.74,103.209,1729600,0.0,0.0
2019-01-03,102.007,102.007,98.206,99.652,1771300,0.0,0.0
2019-01-04,102.036,108.31,101.108,107.616,2396900,0.0,0.0
2019-01-07,108.32,113.088,105.642,111.515,2153200,0.0,0.0
2019-01-08,113.626,114.456,111.408,113.606,2046600,0.0,0.0
2019-01-09,115.541,116.841,112.228,115.766,1641100,0.0,0.0
2019-01-10,113.782,117.202,112.961,116.069,1576400,0.0,0.0
2019-01-11,114.691,116.137,112.697,114.769,1355300,0.0,0.0
2019-01-14,113.352,115.306,112.883,114.075,1202000,0.0,0.0
2019-01-15,114.642,115.101,111.984,113.499,1086500,0.0,0.0
2019-01-16,114.075,115.795,113.518,114.818,1203000,0.0,0.0
2019-01-17,114.456,117.876,114.329,116.655,1742600,0.0,0.0
2019-01-18,118.199,121.707,116.577,120.505,2275400,0.0,0.0
2019-01-22,118.336,119.225,114.359,115.541,2388700,0.0,0.0
2019-01-23,116.616,116.675,111.456,113.372,3024300,0.0,0.0
2019-01-24,118.746,122.147,116.997,120.505,4040600,0.0,0.0
2019-01-25,121.854,124.746,120.583,124.355,3089100,0.0,0.0
2019-01-28,121.648,123.867,120.192,121.941,1710400,0.0,0.0
2019-01-29,122.723,123.388,121.179,121.482,1335400,0.0,0.0
2019-01-30,122.801,125.078,119.508,125.049,2009500,0.0,0.0
2019-01-31,124.795,124.795,121.629,122.401,1497600,0.0,0.0
2019-02-01,122.02,124.336,121.58,123.456,1750500,0.0,0.0
2019-02-04,123.378,126.505,122.196,126.436,1389700,0.0,0.0
2019-02-05,126.104,128.01,125.108,126.192,1258800,0.0,0.0
2019-02-06,125.684,127.189,125.078,125.958,934700,0.0,0.0
2019-02-07,124.834,125.42,121.687,123.104,1401700,0.0,0.0
2019-02-08,121.756,123.495,120.837,123.407,1137700,0.0,0.0
2019-02-11,123.661,125.792,123.261,124.971,946300,0.0,0.0
2019-02-12,126.593,129.436,126.251,128.41,1333000,0.0,0.0
2019-02-13,129.7,130.717,129.075,129.124,1148900,0.0,0.0
2019-02-14,128.41,129.085,127.033,128.694,1178100,0.0,0.0
2019-02-15,130.032,132.944,129.094,131.782,1630500,0.0,0.0
2019-02-19,131.322,132.309,127.648,131.225,1710100,0.0,0.0
2019-02-20,131.879,134.508,131.146,133.15,1254400,0.0,0.0
2019-02-21,132.896,133.824,130.775,131.967,1186000,0.0,0.0
2019-02-22,132.935,133.961,132.29,133.716,1118300,0.0,0.0
2019-02-25,134.733,135.856,132.602,133.179,1328400,0.0,0.0
2019-02-26,132.358,133.58,131.088,131.762,1297200,0.0,0.0
2019-02-27,131.84,133.159,130.374,132.563,916600,0.0,0.0
2019-02-28,132.241,132.954,131.176,131.518,995400,0.0,0.0
2019-03-01,133.521,135.339,130.98,132.593,1108300,0.0,0.0
2019-03-04,133.374,134.029,128.371,129.466,1470400,0.0,0.0
2019-03-05,129.671,129.749,127.335,127.463,1715600,0.0,0.0
2019-03-06,127.717,127.795,124.971,125.127,1170700,0.0,0.0
2019-03-07,124.766,124.922,120.925,123.691,1934400,0.0,0.0
2019-03-08,121.023,121.883,118.844,120.427,1491700,0.0,0.0
2019-03-11,120.368,121.257,119.753,121.179,1213800,0.0,0.0
2019-03-12,121.678,123.124,119.264,122.44,1553400,0.0,0.0
2019-03-13,123.222,124.16,121.365,121.502,1011600,0.0,0.0
2019-03-14,120.71,120.925,118.844,118.932,1013700,0.0,0.0
2019-03-15,118.971,120.075,117.114,117.398,1919900,0.0,0.0
2019-03-18,117.818,120.446,117.261,120.183,1208100,0.0,0.0
2019-03-19,120.974,121.658,117.583,117.925,1385400,0.0,0.0
2019-03-20,117.525,117.564,111.456,113.46,3348200,0.0,0.0
2019-03-21,113.02,116.469,112.746,116.342,1401000,0.0,0.0
2019-03-22,115.414,115.453,108.359,108.427,2664000,0.0,0.0
2019-03-25,108.105,110.518,107.733,108.584,1642800,0.0,0.0
2019-03-26,110.626,111.056,107.352,109.053,1405600,0.0,0.0
2019-03-27,109.385,109.981,106.698,108.193,1342100,0.0,0.0
2019-03-28,108.144,110.118,107.509,110.0,1219600,0.0,0.0
2019-03-29,111.398,112.531,110.724,111.642,1355100,0.0,0.0
2019-04-01,112.951,115.981,111.769,115.414,2036900,0.0,0.0
2019-04-02,115.306,117.31,114.671,115.824,1147300,0.0,0.0
2019-04-03,117.192,118.981,117.056,118.218,1501400,0.0,0.0
2019-04-04,118.805,119.977,118.531,119.743,1267400,0.0,0.0
2019-04-05,120.984,121.922,120.3,120.525,1308100,0.0,0.0
2019-04-08,119.948,121.287,119.049,121.248,826200,0.0,0.0
2019-04-09,119.831,119.85,116.43,116.841,1522900,0.0,0.0
2019-04-10,117.202,118.57,115.981,118.424,897200,0.0,0.0
2019-04-11,118.775,123.241,118.609,121.902,2156400,0.0,0.0
2019-04-12,124.502,125.811,122.283,123.847,1426500,0.0,0.0
2019-04-15,124.121,124.922,122.186,122.508,2411000,0.0,0.0
2019-04-16,123.779,124.091,120.896,123.173,1323600,0.0,0.0
2019-04-17,123.739,124.277,122.293,122.889,2116100,0.0,0.0
2019-04-18,132.212,135.329,131.049,132.896,4772800,0.0,0.0
2019-04-22,132.27,134.019,130.609,132.368,1644000,0.0,0.0
2019-04-23,132.319,136.14,132.045,135.221,1587200,0.0,0.0
2019-04-24,135.368,137.391,134.85,136.697,1300700,0.0,0.0
2019-04-25,136.12,136.765,133.648,134.391,1047200,0.0,0.0
2019-04-26,134.86,137.332,134.254,137.195,1129900,0.0,0.0
2019-04-29,137.83,138.905,137.078,137.723,845100,0.0,0.0
2019-04-30,137.899,138.163,135.553,137.703,1193900,0.0,0.0
2019-05-01,138.544,139.433,135.397,135.475,1221300,0.0,0.0
2019-05-02,135.045,136.198,131.107,133.873,1725100,0.0,0.0
2019-05-03,134.449,138.026,134.352,137.039,1015300,0.0,0.0
2019-05-06,132.642,135.426,131.332,134.41,1403900,0.0,0.0
2019-05-07,131.85,132.661,129.417,131.205,1238000,0.0,0.0
2019-05-08,131.019,132.886,130.316,130.932,839300,0.0,0.0
2019-05-09,128.137,131.156,125.381,130.736,1242200,0.0,0.0
2019-05-10,129.954,130.345,125.821,129.485,1104700,0.0,0.0
2019-05-13,125.459,125.967,121.394,123.31,1489000,0.0,0.0
2019-05-14,124.414,125.811,122.782,124.189,1079300,0.0,0.0
2019-05-15,122.411,126.319,121.609,125.733,1065900,0.0,0.0
2019-05-16,126.094,127.629,125.205,125.528,900600,0.0,0.0
2019-05-17,123.759,124.658,122.782,123.446,912300,0.0,0.0
2019-05-20,121.424,122.596,120.124,121.218,1522000,0.0,0.0
2019-05-21,122.518,124.042,121.922,123.837,1126200,0.0,0.0
2019-05-22,123.036,123.505,118.824,119.596,1375000,0.0,0.0
2019-05-23,117.554,117.759,114.955,115.785,1309500,0.0,0.0
2019-05-24,116.596,118.15,114.241,115.834,623300,0.0,0.0
2019-05-28,115.932,116.743,112.346,112.375,1212300,0.0,0.0
2019-05-29,111.525,113.43,110.313,113.186,1327800,0.0,0.0
2019-05-30,113.821,115.404,112.013,112.561,1368000,0.0,0.0
2019-05-31,110.03,110.362,106.854,107.587,1615300,0.0,0.0
2019-06-03,109.424,112.473,109.199,111.251,1984400,0.0,0.0
2019-06-04,112.912,118.727,112.912,118.57,1822100,0.0,0.0
2019-06-05,119.42,119.596,114.994,116.655,1133400,0.0,0.0
2019-06-06,116.508,117.368,113.948,116.039,818200,0.0,0.0
2019-06-07,115.99,120.007,115.873,119.44,1277600,0.0,0.0
2019-06-10,120.564,123.007,120.241,120.769,1032900,0.0,0.0
2019-06-11,122.655,122.782,118.502,119.459,997100,0.0,0.0
2019-06-12,118.57,119.196,117.183,118.775,739300,0.0,0.0
2019-06-13,119.186,121.013,118.932,120.955,689500,0.0,0.0
2019-06-14,120.622,120.788,118.179,120.065,684400,0.0,0.0
2019-06-17,120.124,120.622,117.935,118.57,1036400,0.0,0.0
2019-06-18,121.13,126.036,120.603,124.844,1760200,0.0,0.0
2019-06-19,124.648,125.274,122.88,123.397,1074200,0.0,0.0
2019-06-20,126.231,128.576,125.43,127.765,1345800,0.0,0.0
2019-06-21,127.472,128.576,125.762,126.906,1056100,0.0,0.0
2019-06-24,126.612,129.388,126.554,126.651,1128600,0.0,0.0
2019-06-25,126.651,127.277,124.99,125.684,744400,0.0,0.0
2019-06-26,126.896,128.938,126.446,127.59,1144300,0.0,0.0
2019-06-27,128.547,129.358,126.798,128.958,604900,0.0,0.0
2019-06-28,129.798,132.104,129.124,129.603,1875700,0.0,0.0
2019-07-01,132.896,134.654,130.062,131.234,1280100,0.0,0.0
2019-07-02,130.785,131.029,128.205,128.792,692500,0.0,0.0
2019-07-03,129.495,130.492,128.909,129.886,454900,0.0,0.0
2019-07-05,128.811,130.355,127.033,129.886,644400,0.0,0.0
2019-07-08,128.84,130.98,127.98,128.909,681500,0.0,0.0
2019-07-09,127.375,128.508,126.661,128.41,734200,0.0,0.0
2019-07-10,129.163,129.3,126.163,127.502,960000,0.0,0.0
2019-07-11,127.57,128.371,125.831,128.332,823200,0.0,0.0
2019-07-12,129.114,133.628,128.821,133.228,1118300,0.0,0.0
2019-07-15,133.668,134.527,131.508,131.664,810000,0.0,0.0
2019-07-16,131.459,134.752,129.788,134.449,1519500,0.0,0.0
2019-07-17,133.531,133.775,128.264,128.489,2476500,0.0,0.0
2019-07-18,120.681,122.479,118.062,118.345,5509500,0.0,0.0
2019-07-19,118.414,119.743,116.157,116.264,3148900,0.0,0.0
2019-07-22,117.163,117.779,114.329,115.414,2424900,0.0,0.0
2019-07-23,115.561,119.508,115.404,119.078,2062500,0.0,0.0
2019-07-24,118.951,124.336,118.727,123.739,1867400,0.0,0.0
2019-07-25,123.749,124.971,122.049,124.824,1221900,0.0,0.0
2019-07-26,124.99,126.642,124.15,124.697,1302600,0.0,0.0
2019-07-29,124.638,126.847,123.417,126.046,1174700,0.0,0.0
2019-07-30,124.99,127.736,123.7,126.984,1087000,0.0,0.0
2019-07-31,126.7,127.521,123.075,123.661,1270900,0.0,0.0
2019-08-01,122.772,123.329,116.88,118.121,1609100,0.0,0.0
2019-08-02,116.635,116.987,113.508,114.603,1611600,0.0,0.0
2019-08-05,111.583,111.828,109.228,110.763,1858400,0.0,0.0
2019-08-06,112.6,113.147,109.952,111.769,1221200,0.0,0.0
2019-08-07,109.219,110.978,108.036,110.821,1314400,0.0,0.0
2019-08-08,112.062,115.561,112.062,115.16,1330900,0.0,0.0
2019-08-09,114.407,114.564,111.886,112.932,1231400,0.0,0.0
2019-08-12,111.31,111.456,107.88,108.31,1092200,0.0,0.0
2019-08-13,107.587,113.997,107.059,109.952,1391800,0.0,0.0
2019-08-14,107.215,107.479,101.479,102.955,2139100,0.0,0.0
2019-08-15,103.062,103.532,100.414,102.183,1728000,0.0,0.0
2019-08-16,103.356,106.316,102.887,105.525,1553100,0.0,0.0
2019-08-19,107.821,108.838,106.776,108.114,1205600,0.0,0.0
2019-08-20,107.489,107.606,106.551,106.668,738200,0.0,0.0
2019-08-21,109.551,109.873,108.075,108.72,828100,0.0,0.0
2019-08-22,109.502,110.225,106.834,107.342,960700,0.0,0.0
2019-08-23,105.779,107.176,101.929,102.564,1466700,0.0,0.0
2019-08-26,104.753,104.86,101.909,103.834,1187000,0.0,0.0
2019-08-27,104.509,105.29,100.649,101.431,1159700,0.0,0.0
2019-08-28,101.089,105.163,99.574,103.893,1068000,0.0,0.0
2019-08-29,106.375,109.512,105.779,108.779,1315700,0.0,0.0
2019-08-30,110.372,111.818,109.326,109.991,1221300,0.0,0.0
2019-09-03,107.978,109.18,105.584,107.167,1338900,0.0,0.0
2019-09-04,109.297,110.509,108.525,110.225,1270400,0.0,0.0
2019-09-05,112.375,115.815,112.18,113.831,1541800,0.0,0.0
2019-09-06,113.948,115.482,112.883,114.222,861300,0.0,0.0
2019-09-09,115.365,118.072,114.837,117.964,1625200,0.0,0.0
2019-09-10,117.593,121.336,116.85,121.218,1325300,0.0,0.0
2019-09-11,123.671,124.853,120.808,124.707,1725200,0.0,0.0
2019-09-12,123.075,126.73,123.075,125.078,1503500,0.0,0.0
2019-09-13,126.837,129.212,125.674,125.928,1879500,0.0,0.0
2019-09-16,125.078,128.215,123.984,125.42,1143600,0.0,0.0
2019-09-17,124.14,125.078,121.785,124.003,1116300,0.0,0.0
2019-09-18,121.951,122.557,120.016,121.863,1999800,0.0,0.0
2019-09-19,122.782,123.837,121.854,122.244,1291800,0.0,0.0
2019-09-20,126.524,127.199,123.388,123.554,2224800,0.0,0.0
2019-09-23,122.137,126.593,121.218,125.469,1323300,0.0,0.0
2019-09-24,125.195,126.192,121.345,121.883,1475600,0.0,0.0
2019-09-25,121.863,125.528,121.756,124.971,1124900,0.0,0.0
2019-09-26,124.355,125.479,123.329,124.658,835200,0.0,0.0
2019-09-27,125.323,126.261,120.955,121.941,1387900,0.0,0.0
2019-09-30,121.697,122.88,119.411,121.795,1220000,0.0,0.0
2019-10-01,122.958,124.169,116.43,116.841,1537900,0.0,0.0
2019-10-02,114.622,115.658,111.525,113.333,1732800,0.0,0.0
2019-10-03,112.551,113.821,109.57,113.733,1626800,0.0,0.0
2019-10-04,114.955,116.078,113.655,114.535,1231900,0.0,0.0
2019-10-07,114.036,114.935,112.609,113.02,1137500,0.0,0.0
2019-10-08,108.584,110.274,106.551,106.707,2316300,0.0,0.0
2019-10-09,108.173,110.069,107.303,108.935,1398500,0.0,0.0
2019-10-10,109.082,111.847,109.082,110.733,952900,0.0,0.0
2019-10-11,114.105,117.798,113.518,115.697,1586500,0.0,0.0
2019-10-14,114.642,116.42,114.329,115.971,939000,0.0,0.0
2019-10-15,116.333,118.717,114.974,117.925,1250300,0.0,0.0
2019-10-16,117.261,120.271,117.095,118.893,2142200,0.0,0.0
2019-10-17,120.652,129.769,119.704,124.98,6025500,0.0,0.0
2019-10-18,124.902,127.785,124.59,125.723,2138400,0.0,0.0
2019-10-21,126.544,129.905,126.427,126.71,1637900,0.0,0.0
2019-10-22,126.466,130.824,125.518,129.378,1780600,0.0,0.0
2019-10-23,128.889,131.42,127.042,130.619,1474400,0.0,0.0
2019-10-24,131.41,131.723,127.404,128.987,1038200,0.0,0.0
2019-10-25,128.205,132.602,128.01,132.29,1242900,0.0,0.0
2019-10-28,132.7,134.215,131.117,132.896,1121700,0.0,0.0
2019-10-29,132.514,135.593,131.889,133.912,1104300,0.0,0.0
2019-10-30,132.984,133.316,129.827,132.837,1287700,0.0,0.0
2019-10-31,132.407,132.407,127.052,130.521,1361200,0.0,0.0
2019-11-01,132.896,138.759,132.251,138.622,2098700,0.0,0.0
2019-11-04,139.716,144.133,139.706,143.381,2590400,0.0,0.0
2019-11-05,144.348,148.374,143.078,143.625,2096100,0.0,0.0
2019-11-06,143.508,144.065,140.547,143.781,1273400,0.0,0.0
2019-11-07,146.009,148.97,145.775,146.742,1826700,0.0,0.0
2019-11-08,147.026,152.185,146.859,151.775,1644500,0.0,0.0
2019-11-11,149.81,152.957,149.41,152.791,1173200,0.0,0.0
2019-11-12,152.791,154.1,149.586,150.934,1542600,0.0,0.0
2019-11-13,148.863,149.468,146.84,147.289,1515900,0.0,0.0
2019-11-14,147.348,149.84,147.201,148.843,863900,0.0,0.0
2019-11-15,150.749,151.696,149.41,150.817,969300,0.0,0.0
2019-11-18,150.739,151.061,148.227,149.771,1051200,0.0,0.0
2019-11-19,150.67,151.423,147.758,148.794,742700,0.0,0.0
2019-11-20,148.462,148.501,143.009,145.13,1780600,0.0,0.0
2019-11-21,145.267,149.156,144.377,148.99,1374400,0.0,0.0
2019-11-22,148.775,151.941,148.403,150.983,1053700,0.0,0.0
2019-11-25,151.833,154.247,149.664,153.436,1146800,0.0,0.0
2019-11-26,152.547,153.573,151.198,152.722,880300,0.0,0.0
2019-11-27,153.504,153.641,150.944,152.889,528300,0.0,0.0
2019-11-29,152.146,152.615,149.195,149.556,420400,0.0,0.0
2019-12-02,149.713,152.42,148.159,148.716,975800,0.0,0.0
2019-12-03,144.641,146.654,142.618,145.96,1200600,0.0,0.0
2019-12-04,148.14,150.338,146.938,147.094,912600,0.0,0.0
2019-12-05,148.276,149.693,147.602,149.635,768500,0.0,0.0
2019-12-06,152.615,155.752,152.38,153.67,1368500,0.0,0.0
2019-12-09,152.732,154.599,151.921,152.302,720100,0.0,0.0
2019-12-10,151.462,151.755,149.019,150.27,864700,0.0,0.0
2019-12-11,152.634,153.582,151.511,153.387,878000,0.0,0.0
2019-12-12,153.846,159.817,153.113,159.465,1437300,0.0,0.0
2019-12-13,158.556,162.064,156.514,159.025,933700,0.0,0.0
2019-12-16,160.882,162.475,160.452,161.39,1130200,0.0,0.0
2019-12-17,160.94,161.234,158.986,160.755,923300,0.0,0.0
2019-12-18,160.794,162.846,160.022,162.406,806000,0.0,0.0
2019-12-19,162.729,162.856,159.866,161.908,942000,0.0,0.0
2019-12-20,163.94,164.165,161.654,163.51,1534700,0.0,0.0
2019-12-23,163.188,165.865,162.768,165.064,848300,0.0,0.0
2019-12-24,165.846,166.022,164.136,164.595,217000,0.0,0.0
2019-12-26,164.888,166.002,164.302,165.944,476400,0.0,0.0
2019-12-27,165.865,166.159,164.165,164.683,570800,0.0,0.0
2019-12-30,164.849,165.777,163.393,164.517,400000,0.0,0.0
2019-12-31,163.872,165.504,162.563,162.963,617500,0.0,0.0
2020-01-02,164.566,164.82,160.657,164.8,861200,0.0,0.0
2020-01-03,161.224,162.758,157.686,161.927,1089000,0.0,0.0
2020-01-06,158.898,161.908,158.654,161.605,707500,0.0,0.0
2020-01-07,161.234,162.182,159.895,161.312,525200,0.0,0.0
2020-01-08,161.537,162.475,159.875,161.048,688700,0.0,0.0
2020-01-09,162.123,162.133,158.908,159.504,923200,0.0,0.0
2020-01-10,159.504,159.719,155.029,155.83,993400,0.0,0.0
2020-01-13,156.934,157.188,152.156,153.846,1537700,0.0,0.0
2020-01-14,152.703,153.485,149.136,150.817,1419800,0.0,0.0
2020-01-15,149.742,152.488,148.775,151.354,924700,0.0,0.0
2020-01-16,152.468,154.188,151.96,154.051,891800,0.0,0.0
2020-01-17,154.843,157.599,154.53,155.097,1119300,0.0,0.0
2020-01-21,154.296,154.296,151.257,151.452,1146400,0.0,0.0
2020-01-22,152.859,153.367,151.1,151.726,742200,0.0,0.0
2020-01-23,150.152,151.804,147.397,151.608,1107200,0.0,0.0
2020-01-24,151.696,152.263,146.097,148.188,1232300,0.0,0.0
2020-01-27,143.195,146.302,142.706,142.931,1521400,0.0,0.0
2020-01-28,144.866,148.091,143.947,147.065,872400,0.0,0.0
2020-01-29,148.042,150.152,147.123,148.784,1298100,0.0,0.0
2020-01-30,146.625,149.078,136.873,138.348,2641700,0.0,0.0
2020-01-31,136.648,137.625,132.172,132.593,2159300,0.0,0.0
2020-02-03,134.058,138.084,133.599,136.335,1729600,0.0,0.0
2020-02-04,139.022,145.921,138.378,144.162,1548000,0.0,0.0
2020-02-05,147.553,151.736,146.82,150.856,1329100,0.0,0.0
2020-02-06,151.716,151.716,146.928,149.126,770900,0.0,0.0
2020-02-07,147.827,148.1,145.648,146.332,820000,0.0,0.0
2020-02-10,145.863,147.641,144.876,147.309,537500,0.0,0.0
2020-02-11,149.107,152.439,148.433,150.534,1061200,0.0,0.0
2020-02-12,153.367,156.426,152.459,155.244,1093700,0.0,0.0
2020-02-13,153.876,156.631,153.416,156.426,847400,0.0,0.0
2020-02-14,156.338,157.432,151.364,153.279,601800,0.0,0.0
2020-02-18,151.706,153.016,148.061,150.465,847900,0.0,0.0
2020-02-19,151.315,152.918,149.664,150.045,619500,0.0,0.0
2020-02-20,149.273,155.488,149.068,152.165,821800,0.0,0.0
2020-02-21,150.211,150.944,147.358,147.954,973000,0.0,0.0
2020-02-24,140.449,140.684,136.247,138.71,1431300,0.0,0.0
2020-02-25,139.404,140.224,129.69,131.567,1736900,0.0,0.0
2020-02-26,133.531,134.547,128.557,128.713,1450000,0.0,0.0
2020-02-27,123.437,133.707,120.808,126.681,1918300,0.0,0.0
2020-02-28,121.697,132.27,121.267,129.456,2540600,0.0,0.0
2020-03-02,131.449,132.7,124.101,132.7,1979100,0.0,0.0
2020-03-03,132.319,135.446,123.681,125.704,1508500,0.0,0.0
2020-03-04,128.068,129.309,123.495,127.189,1566600,0.0,0.0
2020-03-05,122.498,122.87,115.961,117.085,1923300,0.0,0.0
2020-03-06,111.447,115.658,109.101,113.03,2691400,0.0,0.0
2020-03-09,98.685,104.333,95.665,96.701,3339800,0.0,0.0
2020-03-10,102.574,106.365,95.724,104.968,2642200,0.0,0.0
2020-03-11,100.004,101.831,96.134,97.444,2691200,0.0,0.0
2020-03-12,88.942,91.903,81.105,81.33,3399200,0.0,0.0
2020-03-13,88.141,89.47,81.115,88.933,2487300,0.0,0.0
2020-03-16,76.22,88.327,74.353,81.33,2732400,0.0,0.0
2020-03-17,83.157,84.066,72.917,79.571,2620100,0.0,0.0
2020-03-18,72.252,73.816,57.507,68.002,3458200,0.0,0.0
2020-03-19,66.262,77.588,62.129,75.936,2863700,0.0,0.0
2020-03-20,77.715,80.167,68.373,68.5,2519700,0.0,0.0
2020-03-23,67.581,70.884,62.314,69.272,2183200,0.0,0.0
2020-03-24,75.75,87.633,75.565,84.633,2780300,0.0,0.0
2020-03-25,87.281,98.87,80.656,91.063,2442700,0.0,0.0
2020-03-26,92.959,98.949,88.229,96.916,2516100,0.0,0.0
2020-03-27,89.998,90.867,84.477,88.092,2617400,0.0,0.0
2020-03-30,86.411,93.31,84.037,92.988,2248800,0.0,0.0
2020-03-31,92.949,103.326,92.48,100.551,3265600,0.0,0.0
2020-04-01,94.727,98.138,90.037,93.789,2112000,0.0,0.0
2020-04-02,93.164,101.137,91.121,93.965,2132800,0.0,0.0
2020-04-03,90.222,91.62,84.711,88.991,2359000,0.0,0.0
2020-04-06,94.864,101.87,94.786,100.825,2261300,0.0,0.0
2020-04-07,108.486,109.434,101.636,105.466,2471500,0.0,0.0
2020-04-08,106.59,112.316,104.86,109.092,1520300,0.0,0.0
2020-04-09,110.538,112.219,101.284,105.251,2607900,0.0,0.0
2020-04-13,101.01,102.506,97.844,101.392,1531100,0.0,0.0
2020-04-14,104.558,107.313,102.75,106.16,1340200,0.0,0.0
2020-04-15,101.196,102.564,97.913,101.421,1652500,0.0,0.0
2020-04-16,101.01,101.597,92.636,96.3,2726000,0.0,0.0
2020-04-17,99.848,103.776,98.216,102.652,2060800,0.0,0.0
2020-04-20,99.564,102.505,96.076,98.304,1951300,0.0,0.0
2020-04-21,94.942,96.984,93.985,95.441,1228800,0.0,0.0
2020-04-22,99.457,99.466,96.789,98.323,1170900,0.0,0.0
2020-04-23,99.867,102.652,97.932,101.362,1417000,0.0,0.0
2020-04-24,103.014,104.851,99.906,103.629,960100,0.0,0.0
2020-04-27,103.131,109.424,102.623,108.496,1483500,0.0,0.0
2020-04-28,113.088,116.078,110.215,113.89,2028500,0.0,0.0
2020-04-29,118.345,125.479,117.29,125.059,2312800,0.0,0.0
2020-04-30,123.339,128.0,117.749,125.567,2690600,0.0,0.0
2020-05-01,122.684,123.055,115.648,116.557,1934800,0.0,0.0
2020-05-04,113.489,114.925,109.453,114.085,1291000,0.0,0.0
2020-05-05,116.684,119.557,111.036,111.271,1189500,0.0,0.0
2020-05-06,111.72,113.684,108.183,108.281,878900,0.0,0.0
2020-05-07,110.284,113.108,109.082,110.157,1039200,0.0,0.0
2020-05-08,112.531,117.046,110.909,116.85,900600,0.0,0.0
2020-05-11,114.407,116.313,112.18,113.86,900500,0.0,0.0
2020-05-12,114.447,114.622,107.567,107.665,997500,0.0,0.0
2020-05-13,107.44,108.613,104.069,106.287,1166200,0.0,0.0
2020-05-14,104.851,113.587,102.857,113.411,1728200,0.0,0.0
2020-05-15,111.896,116.235,110.743,115.863,1468800,0.0,0.0
2020-05-18,123.417,129.974,122.264,126.378,2404100,0.0,0.0
2020-05-19,125.088,126.505,121.746,121.902,1151300,0.0,0.0
2020-05-20,125.528,126.622,123.173,125.098,1217300,0.0,0.0
2020-05-21,125.489,126.925,123.368,124.805,672500,0.0,0.0
2020-05-22,124.844,128.606,123.681,127.58,914600,0.0,0.0
2020-05-26,132.407,137.195,132.163,134.039,1634400,0.0,0.0
2020-05-27,138.397,140.42,134.127,137.273,2192700,0.0,0.0
2020-05-28,138.866,138.866,133.404,134.479,1330000,0.0,0.0
2020-05-29,132.28,138.075,131.322,135.72,1540800,0.0,0.0
2020-06-01,135.778,138.671,134.166,136.765,763600,0.0,0.0
2020-06-02,138.759,140.987,137.928,139.863,1062200,0.0,0.0
2020-06-03,142.032,147.426,141.983,146.371,1228100,0.0,0.0
2020-06-04,145.54,150.436,143.703,147.925,1509300,0.0,0.0
2020-06-05,156.387,162.084,155.683,157.677,3124100,0.0,0.0
2020-06-08,158.947,162.015,152.859,154.667,1931400,0.0,0.0
2020-06-09,150.885,157.911,149.019,154.638,1435500,0.0,0.0
2020-06-10,154.608,155.283,150.094,152.048,1502700,0.0,0.0
2020-06-11,140.85,144.622,138.553,138.807,2002100,0.0,0.0
2020-06-12,145.843,146.029,136.189,140.215,1315400,0.0,0.0
2020-06-15,133.726,144.426,133.394,143.684,1110200,0.0,0.0
2020-06-16,153.905,157.384,151.149,154.677,2592100,0.0,0.0
2020-06-17,154.237,154.432,151.149,152.009,1251100,0.0,0.0
2020-06-18,151.266,153.016,149.273,150.299,1407800,0.0,0.0
2020-06-19,154.003,154.853,148.921,151.96,1981400,0.0,0.0
2020-06-22,150.934,153.934,149.253,153.524,1235800,0.0,0.0
2020-06-23,154.413,155.058,150.426,150.465,1146600,0.0,0.0
2020-06-24,148.784,148.804,139.022,139.179,2151600,0.0,0.0
2020-06-25,138.055,141.671,135.925,141.045,1348000,0.0,0.0
2020-06-26,140.029,140.733,136.755,137.195,2392500,0.0,0.0
2020-06-29,139.843,144.973,138.593,144.348,1164200,0.0,0.0
2020-06-30,143.713,146.302,142.98,145.638,867000,0.0,0.0
2020-07-01,146.576,148.208,142.081,142.472,950900,0.0,0.0
2020-07-02,145.902,149.39,143.723,144.534,1019300,0.0,0.0
2020-07-06,147.397,148.775,146.087,147.299,769600,0.0,0.0
2020-07-07,145.716,148.491,144.133,144.202,935300,0.0,0.0
2020-07-08,143.957,145.951,141.788,145.257,769800,0.0,0.0
2020-07-09,145.628,146.449,138.768,140.381,848000,0.0,0.0
2020-07-10,140.674,145.53,140.43,144.456,921400,0.0,0.0
2020-07-13,147.68,151.843,145.755,148.726,1256500,0.0,0.0
2020-07-14,147.71,154.12,146.224,153.563,953200,0.0,0.0
2020-07-15,156.631,158.253,153.866,157.13,987400,0.0,0.0
2020-07-16,156.426,158.879,154.042,154.823,785700,0.0,0.0
2020-07-17,155.82,156.817,154.149,155.449,608700,0.0,0.0
2020-07-20,154.393,155.859,152.918,153.651,517400,0.0,0.0
2020-07-21,155.517,159.357,155.263,156.641,824600,0.0,0.0
2020-07-22,155.253,159.475,155.253,159.035,832000,0.0,0.0
2020-07-23,159.113,162.064,157.892,159.758,763400,0.0,0.0
2020-07-24,159.875,160.686,157.129,157.208,632400,0.0,0.0
2020-07-27,156.416,160.159,155.605,159.563,865400,0.0,0.0
2020-07-28,157.559,158.585,154.1,154.716,760000,0.0,0.0
2020-07-29,155.068,159.856,154.862,159.69,1060800,0.0,0.0
2020-07-30,157.677,158.097,150.25,153.328,1861300,0.0,0.0
2020-07-31,153.758,153.758,147.954,151.823,1198400,0.0,0.0
2020-08-03,153.123,156.328,151.853,155.986,770300,0.0,0.0
2020-08-04,155.517,158.654,155.185,157.169,714300,0.0,0.0
2020-08-05,158.791,166.061,157.853,165.69,1113300,0.0,0.0
2020-08-06,165.357,165.992,163.413,164.8,657900,0.0,0.0
2020-08-07,163.911,170.136,163.813,169.628,875400,0.0,0.0
2020-08-10,170.175,180.005,170.175,177.122,1279500,0.0,0.0
2020-08-11,179.135,182.516,170.869,171.611,1644300,0.0,0.0
2020-08-12,173.966,176.39,172.168,174.523,588600,0.0,0.0
2020-08-13,174.064,177.777,173.575,174.298,676200,0.0,0.0
2020-08-14,173.732,177.601,172.872,175.237,677900,0.0,0.0
2020-08-17,175.119,177.191,174.65,174.992,497800,0.0,0.0
2020-08-18,174.934,175.354,172.198,172.53,483300,0.0,0.0
2020-08-19,172.207,173.917,170.927,171.426,804400,0.0,0.0
2020-08-20,168.699,171.689,168.162,170.566,584900,0.0,0.0
2020-08-21,170.859,172.129,169.725,171.064,464800,0.0,0.0
2020-08-24,173.331,176.233,171.416,172.93,1076700,0.0,0.0
2020-08-25,174.005,175.803,170.956,172.784,421400,0.0,0.0
2020-08-26,171.67,174.611,170.038,173.536,608600,0.0,0.0
2020-08-27,173.937,175.891,173.233,174.934,518200,0.0,0.0
2020-08-28,175.393,178.618,174.807,178.363,516900,0.0,0.0
2020-08-31,177.699,178.305,172.93,173.009,695300,0.0,0.0
2020-09-01,172.002,179.028,171.289,178.373,935900,0.0,0.0
2020-09-02,178.324,181.06,173.693,180.367,788800,0.0,0.0
2020-09-03,178.823,179.419,167.742,170.409,1006700,0.0,0.0
2020-09-04,173.634,175.197,166.774,172.403,966500,0.0,0.0
2020-09-08,167.693,172.285,164.654,168.435,912200,0.0,0.0
2020-09-09,170.898,173.36,169.93,171.875,797400,0.0,0.0
2020-09-10,172.862,173.096,167.488,168.035,808100,0.0,0.0
2020-09-11,169.501,171.347,168.289,170.644,445300,0.0,0.0
2020-09-14,173.439,174.23,170.917,172.549,432200,0.0,0.0
2020-09-15,173.859,174.885,171.269,172.53,623800,0.0,0.0
2020-09-16,173.145,178.92,171.426,177.406,807700,0.0,0.0
2020-09-17,174.21,179.8,171.875,176.653,859100,0.0,0.0
2020-09-18,175.95,177.298,169.628,172.178,1305100,0.0,0.0
2020-09-21,167.292,168.123,160.54,163.657,746400,0.0,0.0
2020-09-22,163.872,164.898,161.546,164.136,586100,0.0,0.0
2020-09-23,164.478,167.087,158.058,158.283,828400,0.0,0.0
2020-09-24,157.569,164.194,155.38,162.826,1068200,0.0,0.0
2020-09-25,161.146,165.817,160.559,164.302,545200,0.0,0.0
2020-09-28,168.201,174.562,167.087,171.719,782700,0.0,0.0
2020-09-29,170.898,172.588,167.585,170.233,599700,0.0,0.0
2020-09-30,171.553,175.354,167.83,170.517,800900,0.0,0.0
2020-10-01,172.549,172.549,167.957,171.347,911500,0.0,0.0
2020-10-02,167.83,181.989,167.83,180.797,1159000,0.0,0.0
2020-10-05,182.927,194.086,182.341,193.187,1539700,0.0,0.0
2020-10-06,193.451,196.07,189.054,189.445,1171200,0.0,0.0
2020-10-07,193.304,196.91,191.604,194.418,770500,0.0,0.0
2020-10-08,196.412,197.389,192.542,194.936,609000,0.0,0.0
2020-10-09,196.558,198.923,191.458,192.445,819200,0.0,0.0
2020-10-12,193.031,195.786,189.748,194.555,665400,0.0,0.0
2020-10-13,192.161,192.757,187.735,189.836,780400,0.0,0.0
2020-10-14,191.682,192.503,183.503,183.836,1045200,0.0,0.0
2020-10-15,182.331,185.174,181.197,184.129,783800,0.0,0.0
2020-10-16,185.38,191.575,184.266,188.536,806400,0.0,0.0
2020-10-19,186.65,190.353,182.399,183.161,668500,0.0,0.0
2020-10-20,185.272,188.096,184.461,184.999,576600,0.0,0.0
2020-10-21,184.139,186.591,181.334,182.604,552000,0.0,0.0
2020-10-22,182.282,184.959,179.819,181.168,686500,0.0,0.0
2020-10-23,183.63,184.774,179.888,183.943,519100,0.0,0.0
2020-10-26,180.416,181.06,175.315,177.963,551300,0.0,0.0
2020-10-27,178.285,178.285,170.761,170.82,1014800,0.0,0.0
2020-10-28,165.142,168.895,163.432,166.833,1153800,0.0,0.0
2020-10-29,171.484,172.94,165.406,169.266,1151500,0.0,0.0
2020-10-30,167.986,175.285,166.256,174.22,1234400,0.0,0.0
2020-11-02,176.868,188.555,176.448,188.272,1327400,0.0,0.0
2020-11-03,192.503,198.308,190.734,196.852,1425700,0.0,0.0
2020-11-04,183.758,185.663,174.768,175.1,2760200,0.0,0.0
2020-11-05,180.777,187.608,178.833,184.168,1404300,0.0,0.0
2020-11-06,184.168,190.402,183.689,187.09,801300,0.0,0.0
2020-11-09,200.34,208.138,197.731,201.122,1330500,0.0,0.0
2020-11-10,200.399,207.943,200.399,204.493,801900,0.0,0.0
2020-11-11,205.177,205.431,198.825,202.519,477000,0.0,0.0
2020-11-12,199.891,200.584,194.203,197.311,567900,0.0,0.0
2020-11-13,200.614,204.698,199.49,202.539,634700,0.0,0.0
2020-11-16,206.447,212.907,203.096,212.858,1315800,0.0,0.0
2020-11-17,209.115,211.509,206.457,209.721,641800,0.0,0.0
2020-11-18,211.069,215.77,209.203,211.314,1103500,0.0,0.0
2020-11-19,209.574,212.144,204.386,212.047,779300,0.0,0.0
2020-11-20,217.753,218.779,213.6,214.783,1023300,0.0,0.0
2020-11-23,218.457,222.61,216.864,221.144,830300,0.0,0.0
2020-11-24,225.199,234.776,223.773,232.479,1185000,0.0,0.0
2020-11-25,229.743,230.515,223.147,225.199,760100,0.0,0.0
2020-11-27,224.936,229.196,224.936,227.593,336700,0.0,0.0
2020-11-30,226.431,226.704,220.9,221.799,1273600,0.0,0.0
2020-12-01,227.662,230.73,225.414,228.307,796900,0.0,0.0
2020-12-02,227.291,228.463,223.743,226.118,651500,0.0,0.0
2020-12-03,226.323,233.066,225.659,231.541,858100,0.0,0.0
2020-12-04,233.838,240.199,233.163,240.013,783600,0.0,0.0
2020-12-07,237.893,240.961,235.538,240.854,652200,0.0,0.0
2020-12-08,239.056,243.893,235.772,237.453,718800,0.0,0.0
2020-12-09,243.903,243.903,238.411,241.118,874500,0.0,0.0
2020-12-10,238.196,239.349,233.896,236.456,754800,0.0,0.0
2020-12-11,234.698,238.02,233.691,235.264,728500,0.0,0.0
2020-12-14,239.495,239.495,233.075,233.437,650100,0.0,0.0
2020-12-15,226.44,234.199,225.737,233.525,770100,0.0,0.0
2020-12-16,234.932,234.932,225.014,227.183,886800,0.0,0.0
2020-12-17,224.437,227.212,221.428,223.929,1090800,0.0,0.0
2020-12-18,223.46,224.701,219.571,222.346,1231900,0.0,0.0
2020-12-21,216.17,225.971,212.428,224.31,752200,0.0,0.0
2020-12-22,225.776,226.001,218.633,222.199,515800,0.0,0.0
2020-12-23,224.613,226.694,222.522,225.659,581100,0.0,0.0
2020-12-24,225.405,227.838,223.724,227.31,213200,0.0,0.0
2020-12-28,228.082,229.157,221.398,221.809,447200,0.0,0.0
2020-12-29,222.395,224.134,218.613,221.261,485800,0.0,0.0
2020-12-30,222.659,225.903,222.307,224.809,327900,0.0,0.0
2020-12-31,224.486,228.492,222.796,226.616,523000,0.0,0.0
2021-01-04,228.659,230.906,219.395,224.408,967300,0.0,0.0
2021-01-05,223.968,233.965,223.392,230.193,774600,0.0,0.0
2021-01-06,242.486,256.059,242.486,250.694,1988100,0.0,0.0
2021-01-07,255.365,261.482,253.137,258.638,1031100,0.0,0.0
2021-01-08,258.462,260.466,247.694,254.212,708100,0.0,0.0
2021-01-11,249.326,255.482,249.179,251.573,445100,0.0,0.0
2021-01-12,253.264,258.062,251.925,256.156,713300,0.0,0.0
2021-01-13,254.847,255.482,247.85,248.642,678800,0.0,0.0
2021-01-14,252.863,258.365,249.199,254.427,661400,0.0,0.0
2021-01-15,250.899,252.521,244.889,249.316,658300,0.0,0.0
2021-01-19,254.065,260.505,253.645,254.876,763200,0.0,0.0
2021-01-20,257.778,258.169,252.707,254.261,495200,0.0,0.0
2021-01-21,254.075,255.814,252.111,253.303,426400,0.0,0.0
2021-01-22,249.541,253.821,248.691,252.687,481800,0.0,0.0
2021-01-25,250.655,256.01,246.179,247.733,670500,0.0,0.0
2021-01-26,251.515,251.71,241.762,242.544,495800,0.0,0.0
2021-01-27,234.639,236.3,223.011,230.877,1264400,0.0,0.0
2021-01-28,240.092,251.691,237.453,247.772,1172600,0.0,0.0
2021-01-29,245.886,246.13,233.105,237.463,1117000,0.0,0.0
2021-02-01,242.261,248.407,239.408,247.499,710400,0.0,0.0
2021-02-02,251.837,255.961,244.049,244.948,749900,0.0,0.0
2021-02-03,246.58,249.56,242.407,245.075,514500,0.0,0.0
2021-02-04,247.02,254.505,245.515,253.899,712100,0.0,0.0
2021-02-05,255.042,260.583,255.042,259.664,617300,0.0,0.0
2021-02-08,261.365,267.863,260.642,266.016,741900,0.0,0.0
2021-02-09,263.876,272.495,261.169,270.951,711000,0.0,0.0
2021-02-10,273.335,278.524,269.241,270.511,842800,0.0,0.0
2021-02-11,271.508,276.501,268.312,273.433,645100,0.0,0.0
2021-02-12,273.413,280.674,272.749,279.687,494600,0.0,0.0
2021-02-16,283.38,286.771,281.504,281.504,1105700,0.0,0.0
2021-02-17,279.481,280.761,268.019,271.469,726700,0.0,0.0
2021-02-18,267.482,269.309,261.316,268.517,758900,0.0,0.0
2021-02-19,271.732,284.68,271.723,283.39,691900,0.0,0.0
2021-02-22,281.426,295.79,280.752,291.676,965700,0.0,0.0
2021-02-23,290.172,301.81,279.882,299.367,1292900,0.0,0.0
2021-02-24,302.924,314.591,300.754,305.386,1253800,0.0,0.0
2021-02-25,304.614,305.083,285.335,288.374,1298200,0.0,0.0
2021-02-26,291.725,294.667,278.494,290.592,1007900,0.0,0.0
2021-03-01,297.168,299.005,292.263,295.585,696000,0.0,0.0
2021-03-02,297.11,297.11,285.745,286.722,694800,0.0,0.0
2021-03-03,287.895,295.79,286.39,288.198,644500,0.0,0.0
2021-03-04,287.826,296.181,276.247,282.012,1180400,0.0,0.0
2021-03-05,286.429,295.204,275.758,294.09,733300,0.0,0.0
2021-03-08,296.973,301.106,293.621,295.693,863000,0.0,0.0
2021-03-09,295.556,297.266,286.849,288.51,720400,0.0,0.0
2021-03-10,289.957,297.637,289.322,296.142,488400,0.0,0.0
2021-03-11,298.624,306.93,297.149,303.686,502100,0.0,0.0
2021-03-12,303.676,311.826,302.005,310.604,580300,0.0,0.0
2021-03-15,311.796,316.438,304.497,316.096,553000,0.0,0.0
2021-03-16,314.767,314.767,304.634,307.673,802100,0.0,0.0
2021-03-17,310.389,316.819,303.901,314.552,526700,0.0,0.0
2021-03-18,314.552,323.239,310.086,310.858,607900,0.0,0.0
2021-03-19,309.207,312.656,298.585,308.787,970000,0.0,0.0
2021-03-22,307.81,309.49,301.487,304.37,603000,0.0,0.0
2021-03-23,301.077,303.227,290.709,293.084,774500,0.0,0.0
2021-03-24,301.937,305.953,297.93,298.439,607700,0.0,0.0
2021-03-25,297.198,308.445,292.976,307.067,655600,0.0,0.0
2021-03-26,311.005,322.633,308.298,322.33,839800,0.0,0.0
2021-03-29,321.979,327.93,315.353,317.063,902900,0.0,0.0
2021-03-30,317.308,328.643,317.308,325.604,1181900,0.0,0.0
2021-03-31,326.376,331.965,318.373,321.793,1398300,0.0,0.0
2021-04-01,323.943,326.659,316.868,324.138,771600,0.0,0.0
2021-04-05,329.307,330.763,323.386,323.962,590900,0.0,0.0
2021-04-06,323.444,333.216,316.379,318.002,835700,0.0,0.0
2021-04-07,318.559,319.047,311.836,314.65,730200,0.0,0.0
2021-04-08,313.634,316.839,306.363,313.917,620000,0.0,0.0
2021-04-09,313.673,317.699,310.213,317.298,575900,0.0,0.0
2021-04-12,319.155,321.451,315.94,320.386,506300,0.0,0.0
2021-04-13,316.809,319.125,309.442,318.138,477400,0.0,0.0
2021-04-14,317.855,324.06,316.751,317.64,716000,0.0,0.0
2021-04-15,320.728,320.728,312.266,317.963,592600,0.0,0.0
2021-04-16,322.106,324.822,317.894,320.65,765600,0.0,0.0
2021-04-19,317.962,319.018,311.552,317.181,779400,0.0,0.0
2021-04-20,314.943,314.943,297.354,303.647,908800,0.0,0.0
2021-04-21,301.116,309.735,297.706,309.52,730800,0.0,0.0
2021-04-22,311.523,312.696,302.66,302.914,851400,0.0,0.0
2021-04-23,306.608,313.233,304.341,311.66,716600,0.0,0.0
2021-04-26,313.116,319.057,313.086,317.552,547900,0.0,0.0
2021-04-27,315.353,317.669,310.751,317.405,606600,0.0,0.0
2021-04-28,316.165,320.405,315.119,317.435,545300,0.0,0.0
2021-04-29,323.747,323.747,308.718,319.858,823100,0.0,0.0
2021-04-30,315.862,318.969,312.197,312.647,559700,0.0,0.0
2021-05-03,317.171,321.011,312.217,314.454,457500,0.0,0.0
2021-05-04,313.702,323.112,310.184,322.418,849900,0.0,0.0
2021-05-05,323.2,329.073,316.702,325.115,706600,0.0,0.0
2021-05-06,325.115,335.131,324.187,334.76,699600,0.0,0.0
2021-05-07,334.076,340.457,329.083,339.402,531900,0.0,0.0
2021-05-10,340.545,346.506,338.864,340.193,796000,0.0,0.0
2021-05-11,334.438,337.447,328.321,332.561,697300,0.0,0.0
2021-05-12,332.571,335.454,320.532,321.773,584700,0.0,0.0
2021-05-13,323.044,331.506,320.679,325.457,573500,0.0,0.0
2021-05-14,329.464,335.444,327.031,333.988,477600,0.0,0.0
2021-05-17,332.073,334.037,325.868,333.255,356200,0.0,0.0
2021-05-18,332.581,333.822,323.562,323.767,438300,0.0,0.0
2021-05-19,318.207,318.207,308.083,314.005,981400,0.0,0.0
2021-05-20,314.288,315.559,307.135,312.021,711600,0.0,0.0
2021-05-21,315.412,319.536,311.435,314.112,534300,0.0,0.0
2021-05-24,315.852,320.366,311.66,318.48,417300,0.0,0.0
2021-05-25,321.129,325.057,316.301,316.976,569500,0.0,0.0
2021-05-26,315.275,320.122,315.002,319.36,537900,0.0,0.0
2021-05-27,325.301,327.597,322.428,326.014,953400,0.0,0.0
2021-05-28,325.975,328.379,320.63,326.337,547500,0.0,0.0
2021-06-01,330.881,333.46,329.952,331.702,544100,0.0,0.0
2021-06-02,331.692,331.692,327.334,330.744,774000,0.0,0.0
2021-06-03,329.904,333.07,325.155,328.448,596500,0.0,0.0
2021-06-04,328.663,330.031,320.611,324.49,474600,0.0,0.0
2021-06-07,326.063,326.552,307.81,308.806,1189100,0.0,0.0
2021-06-08,308.885,318.656,306.217,316.839,734300,0.0,0.0
2021-06-09,314.493,316.546,305.875,307.526,709400,0.0,0.0
2021-06-10,311.494,313.282,295.829,296.396,1339500,0.0,0.0
2021-06-11,297.364,301.429,295.136,298.37,963200,0.0,0.0
2021-06-14,297.227,299.65,291.745,296.064,913400,0.0,0.0
2021-06-15,297.54,303.579,296.484,302.758,739600,0.0,0.0
2021-06-16,300.569,302.943,295.869,300.012,747600,0.0,0.0
2021-06-17,300.969,302.807,283.283,287.465,1045500,0.0,0.0
2021-06-18,280.498,284.67,279.071,282.354,1464000,0.0,0.0
2021-06-21,286.654,294.999,285.774,292.38,677100,0.0,0.0
2021-06-22,293.904,297.735,288.061,296.816,711500,0.0,0.0
2021-06-23,302.924,306.803,300.344,301.087,836000,0.0,0.0
2021-06-24,303.432,313.331,302.445,309.569,1151300,0.0,0.0
2021-06-25,318.392,318.392,305.24,305.826,1512200,0.0,0.0
2021-06-28,306.031,311.718,300.627,310.79,926400,0.0,0.0
2021-06-29,312.402,316.155,307.409,307.829,625200,0.0,0.0
2021-06-30,306.002,312.696,305.386,311.728,708000,0.0,0.0
2021-07-01,315.823,317.024,312.158,314.015,593300,0.0,0.0
2021-07-02,312.471,315.05,311.396,312.275,459700,0.0,0.0
2021-07-06,312.49,312.695,300.725,304.321,888700,0.0,0.0
2021-07-07,302.924,308.103,300.061,305.65,592600,0.0,0.0
2021-07-08,297.158,304.692,293.22,299.23,927000,0.0,0.0
2021-07-09,305.367,310.614,304.546,310.233,860900,0.0,0.0
2021-07-12,308.005,315.617,306.725,314.249,870100,0.0,0.0
2021-07-13,312.441,313.321,307.135,307.272,598400,0.0,0.0
2021-07-14,309.07,311.513,303.139,305.455,463800,0.0,0.0
2021-07-15,303.021,311.22,302.67,307.526,684000,0.0,0.0
2021-07-16,310.409,310.702,297.217,299.093,868400,0.0,0.0
2021-07-19,290.836,292.81,284.739,292.028,978400,0.0,0.0
2021-07-20,291.11,305.885,289.732,304.487,711400,0.0,0.0
2021-07-21,308.201,316.487,307.556,315.813,982200,0.0,0.0
2021-07-22,315.06,316.262,309.549,312.666,583000,0.0,0.0
2021-07-23,314.757,317.679,310.995,316.663,543200,0.0,0.0
2021-07-26,317.22,321.979,316.653,320.425,677200,0.0,0.0
2021-07-27,318.754,324.646,315.891,319.291,607000,0.0,0.0
2021-07-28,320.513,323.943,313.526,318.451,973400,0.0,0.0
2021-07-29,310.272,318.265,301.429,315.099,1752500,0.0,0.0
2021-07-30,312.344,324.568,311.943,322.027,703800,0.0,0.0
2021-08-02,325.057,328.653,318.06,318.822,1014200,0.0,0.0
2021-08-03,320.21,330.959,315.656,330.509,777100,0.0,0.0
2021-08-04,327.49,327.529,316.037,316.282,630200,0.0,0.0
2021-08-05,318.686,323.444,317.034,317.963,341800,0.0,0.0
2021-08-06,322.467,324.607,318.793,323.884,371000,0.0,0.0
2021-08-09,323.777,328.633,318.793,325.242,367900,0.0,0.0
2021-08-10,324.94,334.819,322.614,332.767,509900,0.0,0.0
2021-08-11,336.148,349.682,333.363,349.34,1052600,0.0,0.0
2021-08-12,351.098,355.984,348.499,353.092,992100,0.0,0.0
2021-08-13,352.212,353.082,342.959,345.05,580300,0.0,0.0
2021-08-16,341.815,344.805,337.78,343.193,413300,0.0,0.0
2021-08-17,340.398,340.76,332.278,337.223,574000,0.0,0.0
2021-08-18,334.467,341.913,331.877,332.395,407500,0.0,0.0
2021-08-19,324.715,328.672,321.539,323.874,498300,0.0,0.0
2021-08-20,322.252,325.018,317.386,322.594,486800,0.0,0.0
2021-08-23,325.858,331.662,324.138,330.285,498400,0.0,0.0
2021-08-24,331.496,338.307,331.252,336.06,335000,0.0,0.0
2021-08-25,337.594,345.949,336.617,342.372,411400,0.0,0.0
2021-08-26,343.232,344.503,338.327,339.705,349500,0.0,0.0
2021-08-27,341.639,348.636,340.858,347.112,476100,0.0,0.0
2021-08-30,349.232,349.291,343.926,346.261,311300,0.0,0.0
2021-08-31,346.965,348.401,343.731,344.6,519700,0.0,0.0
2021-09-01,344.336,345.665,335.864,339.402,493800,0.0,0.0
2021-09-02,342.734,348.46,340.545,345.675,363000,0.0,0.0
2021-09-03,344.063,345.06,338.767,343.349,366700,0.0,0.0
2021-09-07,340.946,342.783,337.633,337.858,380300,0.0,0.0
2021-09-08,335.825,337.457,328.487,331.956,574300,0.0,0.0
2021-09-09,330.969,338.512,330.5,334.271,523600,0.0,0.0
2021-09-10,338.473,339.666,332.757,333.5,409500,0.0,0.0
2021-09-13,336.148,338.952,332.376,335.63,541400,0.0,0.0
2021-09-14,338.122,338.122,320.513,323.738,518700,0.0,0.0
2021-09-15,323.444,334.653,322.614,333.802,479300,0.0,0.0
2021-09-16,335.962,346.301,335.053,338.297,702800,0.0,0.0
2021-09-17,335.659,341.161,330.265,333.666,920000,0.0,0.0
2021-09-20,321.842,326.093,316.526,322.096,675200,0.0,0.0
2021-09-21,327.158,327.343,317.982,322.721,567400,0.0,0.0
2021-09-22,329.307,341.385,327.314,338.004,1080300,0.0,0.0
2021-09-23,340.222,353.287,338.141,347.16,884600,0.0,0.0
2021-09-24,346.046,352.76,345.597,348.372,440800,0.0,0.0
2021-09-27,348.538,360.743,348.538,357.489,543500,0.0,0.0
2021-09-28,358.183,360.792,350.072,354.548,659600,0.0,0.0
2021-09-29,358.535,358.535,351.587,353.825,469700,0.0,0.0
2021-09-30,353.893,355.007,342.646,342.919,807900,0.0,0.0
2021-10-01,342.988,352.945,342.069,349.975,927900,0.0,0.0
2021-10-04,347.502,349.144,338.112,340.799,611800,0.0,0.0
2021-10-05,344.698,349.711,338.151,344.991,858700,0.0,0.0
2021-10-06,339.079,344.835,332.816,338.757,727500,0.0,0.0
2021-10-07,343.926,349.388,342.226,344.385,523400,0.0,0.0
2021-10-08,341.014,344.151,334.565,334.741,426600,0.0,0.0
2021-10-11,334.682,341.6,333.93,335.083,443000,0.0,0.0
2021-10-12,337.447,339.392,333.099,334.897,386400,0.0,0.0
2021-10-13,334.965,339.421,329.278,331.702,387900,0.0,0.0
2021-10-14,336.421,345.118,335.229,344.297,418500,0.0,0.0
2021-10-15,348.861,351.519,340.613,341.366,606600,0.0,0.0
2021-10-18,338.747,343.125,336.226,342.275,422400,0.0,0.0
2021-10-19,343.476,349.212,342.206,345.372,349500,0.0,0.0
2021-10-20,344.366,359.268,343.301,357.567,622700,0.0,0.0
2021-10-21,354.089,358.281,350.962,357.059,370000,0.0,0.0
2021-10-22,358.095,361.925,356.297,359.883,353700,0.0,0.0
2021-10-25,360.391,361.681,356.307,357.9,535100,0.0,0.0
2021-10-26,359.6,361.31,348.88,349.037,591500,0.0,0.0
2021-10-27,348.392,351.45,338.874,339.617,716600,0.0,0.0
2021-10-28,356.424,365.023,341.278,358.799,1300300,0.0,0.0
2021-10-29,361.251,371.492,360.049,370.456,1041400,0.0,0.0
2021-11-01,371.815,376.134,370.525,374.58,638000,0.0,0.0
2021-11-02,377.15,382.72,373.984,377.375,536500,0.0,0.0
2021-11-03,375.186,378.156,368.443,372.567,665000,0.0,0.0
2021-11-04,376.954,378.899,372.235,377.16,487700,0.0,0.0
2021-11-05,380.834,387.909,380.218,383.013,475000,0.0,0.0
2021-11-08,401.97,405.517,383.55,383.824,1052400,0.0,0.0
2021-11-09,383.052,386.247,379.075,382.563,349800,0.0,0.0
2021-11-10,380.736,382.485,369.0,371.306,635400,0.0,0.0
2021-11-11,372.176,379.016,370.3,373.72,384700,0.0,0.0
2021-11-12,374.443,378.195,373.007,374.218,353200,0.0,0.0
2021-11-15,377.384,380.267,374.658,375.518,310200,0.0,0.0
2021-11-16,377.14,378.645,372.098,372.958,381300,0.0,0.0
2021-11-17,371.13,373.261,365.756,371.062,536000,0.0,0.0
2021-11-18,371.727,373.74,367.417,369.245,318400,0.0,0.0
2021-11-19,366.421,371.971,363.264,366.694,479900,0.0,0.0
2021-11-22,370.701,378.029,368.15,368.346,489300,0.0,0.0
2021-11-23,368.023,370.231,362.922,366.626,1009400,0.0,0.0
2021-11-24,363.313,368.336,362.541,365.355,361700,0.0,0.0
2021-11-26,352.291,356.336,346.174,353.962,542900,0.0,0.0
2021-11-29,358.984,360.479,348.284,348.87,658900,0.0,0.0
2021-11-30,345.988,347.375,330.324,331.008,1463100,0.0,0.0
2021-12-01,340.985,341.766,325.106,325.223,984500,0.0,0.0
2021-12-02,327.597,335.972,327.353,331.672,670500,0.0,0.0
2021-12-03,335.943,335.943,319.419,325.233,818600,0.0,0.0
2021-12-06,327.549,340.056,321.686,337.017,1518400,0.0,0.0
2021-12-07,346.252,356.16,343.975,348.607,852100,0.0,0.0
2021-12-08,348.499,352.779,347.913,348.812,544000,0.0,0.0
2021-12-09,352.76,353.922,346.926,348.392,589200,0.0,0.0
2021-12-10,350.317,351.782,336.959,339.871,599900,0.0,0.0
2021-12-13,338.991,339.421,327.656,330.539,675200,0.0,0.0
2021-12-14,328.008,334.262,325.809,329.874,471100,0.0,0.0
2021-12-15,328.614,334.858,320.269,333.363,671100,0.0,0.0
2021-12-16,338.424,341.073,327.685,329.767,522400,0.0,0.0
2021-12-17,329.298,329.816,320.269,324.744,1147600,0.0,0.0
2021-12-20,318.373,318.598,309.393,314.63,752600,0.0,0.0
2021-12-21,308.347,322.653,307.81,321.441,624000,0.0,0.0
2021-12-22,322.37,324.265,315.91,318.236,598900,0.0,0.0
2021-12-23,320.386,328.193,320.386,324.158,372600,0.0,0.0
2021-12-27,325.399,325.887,321.05,325.887,382100,0.0,0.0
2021-12-28,325.682,329.864,323.62,325.956,254500,0.0,0.0
2021-12-29,327.226,328.438,324.998,326.493,354500,0.0,0.0
2021-12-30,325.907,328.34,322.194,322.36,336600,0.0,0.0
2021-12-31,320.796,326.552,318.09,324.705,659700,0.0,0.0
2022-01-03,325.653,331.018,321.754,323.093,524400,0.0,0.0
2022-01-04,327.187,341.17,325.692,339.167,698800,0.0,0.0
2022-01-05,339.372,343.477,325.643,327.373,801100,0.0,0.0
2022-01-06,330.246,330.861,323.229,327.519,537000,0.0,0.0
2022-01-07,327.451,330.988,318.158,318.539,796000,0.0,0.0
2022-01-10,320.151,320.699,309.52,314.855,794700,0.0,0.0
2022-01-11,315.656,327.119,308.474,326.366,885700,0.0,0.0
2022-01-12,330.558,337.125,323.738,324.373,1032200,0.0,0.0
2022-01-13,326.298,337.398,326.298,328.535,731700,0.0,0.0
2022-01-14,325.917,328.105,315.5,320.337,589000,0.0,0.0
2022-01-18,316.194,317.533,306.686,307.028,764300,0.0,0.0
2022-01-19,310.341,310.35,300.031,300.285,663800,0.0,0.0
2022-01-20,302.621,310.35,299.24,300.1,732500,0.0,0.0
2022-01-21,295.429,302.386,288.227,290.387,938000,0.0,0.0
2022-01-24,281.856,305.836,280.312,305.064,1302200,0.0,0.0
2022-01-25,298.077,306.49,294.286,301.36,1170500,0.0,0.0
2022-01-26,306.178,312.559,296.611,300.735,977000,0.0,0.0
2022-01-27,322.272,322.272,305.992,312.5,1967200,0.0,0.0
2022-01-28,310.36,313.692,298.859,310.516,1093500,0.0,0.0
2022-01-31,308.249,313.448,307.81,312.813,817600,0.0,0.0
2022-02-01,310.243,322.536,310.243,322.477,839900,0.0,0.0
2022-02-02,322.497,325.887,316.497,318.774,905600,0.0,0.0
2022-02-03,314.191,320.65,314.191,317.024,832900,0.0,0.0
2022-02-04,315.529,318.002,304.878,305.162,758500,0.0,0.0
2022-02-07,307.81,310.634,305.552,308.572,516000,0.0,0.0
2022-02-08,311.103,317.142,309.53,316.008,544800,0.0,0.0
2022-02-09,320.953,327.392,319.497,326.562,532700,0.0,0.0
2022-02-10,322.36,327.588,315.607,318.246,606000,0.0,0.0
2022-02-11,317.66,319.604,301.399,305.767,831300,0.0,0.0
2022-02-14,303.403,311.65,303.207,306.1,609900,0.0,0.0
2022-02-15,309.793,316.174,307.048,315.5,762300,0.0,0.0
2022-02-16,313.243,319.164,313.194,317.699,456800,0.0,0.0
2022-02-17,314.171,316.966,306.207,307.038,433600,0.0,0.0
2022-02-18,306.754,311.386,303.246,304.702,392500,0.0,0.0
2022-02-22,302.924,308.836,301.351,305.191,671900,0.0,0.0
2022-02-23,308.259,310.008,291.735,292.37,817600,0.0,0.0
2022-02-24,282.364,301.849,281.788,301.282,754100,0.0,0.0
2022-02-25,301.947,310.243,300.207,309.09,516600,0.0,0.0
2022-02-28,305.337,314.855,304.438,314.279,669700,0.0,0.0
2022-03-01,312.744,313.653,302.924,305.894,629200,0.0,0.0
2022-03-02,309.227,322.135,308.513,318.861,491200,0.0,0.0
2022-03-03,321.803,323.435,315.011,321.138,618300,0.0,0.0
2022-03-04,317.396,318.637,305.181,309.285,654800,0.0,0.0
2022-03-07,310.604,310.604,288.755,291.432,999800,0.0,0.0
2022-03-08,295.048,312.989,295.048,303.588,904500,0.0,0.0
2022-03-09,311.709,313.663,306.911,308.582,704800,0.0,0.0
2022-03-10,305.347,314.982,304.087,313.917,439200,0.0,0.0
2022-03-11,320.015,323.249,315.09,315.383,462900,0.0,0.0
2022-03-14,316.819,323.493,311.083,312.95,801400,0.0,0.0
2022-03-15,313.673,323.571,312.989,320.855,573800,0.0,0.0
2022-03-16,322.233,332.728,322.233,329.855,831300,0.0,0.0
2022-03-17,325.946,340.35,325.457,338.854,907700,0.0,0.0
2022-03-18,334.623,341.483,334.076,338.336,672000,0.0,0.0
2022-03-21,338.346,340.985,335.571,339.861,609900,0.0,0.0
2022-03-22,342.011,349.906,341.571,348.226,703500,0.0,0.0
2022-03-23,346.897,352.926,343.975,346.34,795800,0.0,0.0
2022-03-24,348.118,351.372,344.033,350.786,559600,0.0,0.0
2022-03-25,351.792,356.18,350.639,355.369,599200,0.0,0.0
2022-03-28,354.167,355.251,348.284,355.105,397900,0.0,0.0
2022-03-29,358.779,360.196,348.528,356.864,611100,0.0,0.0
2022-03-30,355.085,358.369,349.486,350.991,638400,0.0,0.0
2022-03-31,351.225,356.942,347.053,347.102,705200,0.0,0.0
2022-04-01,350.561,353.297,342.577,345.919,466000,0.0,0.0
2022-04-04,345.382,345.45,340.643,341.913,592900,0.0,0.0
2022-04-05,340.887,342.226,332.933,334.408,650500,0.0,0.0
2022-04-06,328.575,329.307,313.634,318.041,1249800,0.0,0.0
2022-04-07,318.002,319.145,310.565,313.595,816200,0.0,0.0
2022-04-08,312.09,317.249,308.933,309.813,802700,0.0,0.0
2022-04-11,306.881,316.633,305.005,308.816,632500,0.0,0.0
2022-04-12,311.474,319.555,308.308,311.523,538400,0.0,0.0
2022-04-13,312.314,318.031,310.8,317.337,370800,0.0,0.0
2022-04-14,318.676,326.913,318.676,323.513,526300,0.0,0.0
2022-04-18,322.467,334.086,322.467,331.799,679700,0.0,0.0
2022-04-19,332.444,344.2,332.239,343.457,613300,0.0,0.0
2022-04-20,347.346,351.646,343.779,345.03,561200,0.0,0.0
2022-04-21,350.835,351.577,328.203,330.011,914200,0.0,0.0
2022-04-22,326.513,328.672,307.155,307.487,976300,0.0,0.0
2022-04-25,301.908,308.064,294.911,306.129,1200500,0.0,0.0
2022-04-26,302.416,304.79,293.875,295.361,859000,0.0,0.0
2022-04-27,294.872,303.559,293.24,302.552,1030200,0.0,0.0
2022-04-28,314.112,316.604,298.605,311.23,1248600,0.0,0.0
2022-04-29,310.565,313.79,307.722,309.295,924800,0.0,0.0
2022-05-02,308.865,309.569,289.986,300.022,1183100,0.0,0.0
2022-05-03,300.373,308.328,300.373,305.318,599000,0.0,0.0
2022-05-04,307.184,313.917,295.478,313.194,967600,0.0,0.0
2022-05-05,307.79,311.279,291.589,296.279,1013100,0.0,0.0
2022-05-06,293.553,295.742,281.67,288.716,960400,0.0,0.0
2022-05-09,283.38,296.435,279.472,280.273,1463200,0.0,0.0
2022-05-10,284.592,292.81,279.091,286.986,1124200,0.0,0.0
2022-05-11,284.358,291.462,274.058,274.41,894700,0.0,0.0
2022-05-12,270.54,276.569,263.221,276.56,1363700,0.0,0.0
2022-05-13,279.032,286.781,278.797,281.856,566400,0.0,0.0
2022-05-16,279.608,281.055,273.804,276.472,514500,0.0,0.0
2022-05-17,285.53,289.488,279.872,283.83,524200,0.0,0.0
2022-05-18,281.182,286.214,266.475,267.159,877500,0.0,0.0
2022-05-19,262.996,272.211,262.4,266.387,686100,0.0,0.0
2022-05-20,269.866,270.462,256.762,263.759,844600,0.0,0.0
2022-05-23,266.446,269.456,261.511,267.892,862900,0.0,0.0
2022-05-24,265.303,265.84,257.045,261.628,698800,0.0,0.0
2022-05-25,261.198,270.609,258.922,269.524,618500,0.0,0.0
2022-05-26,274.429,279.54,273.54,278.338,747200,0.0,0.0
2022-05-27,282.257,290.836,282.178,290.67,611500,0.0,0.0
2022-05-31,285.618,292.722,284.641,291.374,1726600,0.0,0.0
2022-06-01,291.911,294.598,279.872,286.8,649300,0.0,0.0
2022-06-02,289.341,293.152,289.077,292.859,474100,0.0,0.0
2022-06-03,289.664,296.201,289.312,294.374,592000,0.0,0.0
2022-06-06,298.009,301.458,294.422,300.256,445100,0.0,0.0
2022-06-07,296.797,306.344,293.269,305.543,535600,0.0,0.0
2022-06-08,302.758,303.197,297.413,298.224,365900,0.0,0.0
2022-06-09,296.504,298.067,291.305,291.589,471600,0.0,0.0
2022-06-10,279.54,286.693,273.824,273.824,844300,0.0,0.0
2022-06-13,263.426,267.257,255.824,259.01,1072400,0.0,0.0
2022-06-14,258.541,262.801,252.081,254.182,846000,0.0,0.0
2022-06-15,257.133,264.404,254.945,259.889,781400,0.0,0.0
2022-06-16,251.094,251.094,237.57,239.935,1111800,0.0,0.0
2022-06-17,237.199,239.476,227.848,234.219,1470600,0.0,0.0
2022-06-21,237.942,243.981,235.186,236.554,879700,0.0,0.0
2022-06-22,229.274,237.453,227.848,235.841,896900,0.0,0.0
2022-06-23,235.499,238.401,225.278,230.457,954700,0.0,0.0
2022-06-24,233.505,245.085,232.02,242.622,1028300,0.0,0.0
2022-06-27,244.792,248.935,242.339,246.238,892300,0.0,0.0
2022-06-28,248.085,252.072,241.919,242.329,894000,0.0,0.0
2022-06-29,241.284,241.284,231.961,235.567,713400,0.0,0.0
2022-06-30,232.773,240.531,230.388,237.365,750000,0.0,0.0
2022-07-01,237.072,242.534,232.47,238.782,526700,0.0,0.0
2022-07-05,232.567,239.515,230.017,239.398,544500,0.0,0.0
2022-07-06,239.71,242.964,232.802,236.066,497200,0.0,0.0
2022-07-07,243.766,246.961,239.935,245.359,683700,0.0,0.0
2022-07-08,244.635,245.271,239.965,243.179,398300,0.0,0.0
2022-07-11,240.111,243.834,236.945,243.639,646500,0.0,0.0
2022-07-12,241.997,249.775,241.675,245.251,671400,0.0,0.0
2022-07-13,240.834,247.469,238.421,245.319,672300,0.0,0.0
2022-07-14,238.626,243.17,233.935,242.857,867100,0.0,0.0
2022-07-15,247.928,248.427,238.626,246.091,727900,0.0,0.0
2022-07-18,253.264,258.238,249.824,251.182,994100,0.0,0.0
2022-07-19,253.782,265.0,253.782,264.335,1041200,0.0,0.0
2022-07-20,264.814,270.843,263.192,269.348,1063600,0.0,0.0
2022-07-21,268.146,273.667,265.478,273.403,711700,0.0,0.0
2022-07-22,274.693,275.641,265.811,268.029,721500,0.0,0.0
2022-07-25,268.967,271.732,265.596,271.488,499100,0.0,0.0
2022-07-26,269.241,272.28,266.749,269.905,627000,0.0,0.0
2022-07-27,270.11,281.602,270.11,280.674,1035000,0.0,0.0
2022-07-28,286.302,298.018,283.634,297.872,1276100,0.0,0.0
2022-07-29,300.969,318.461,300.452,315.305,1502300,0.0,0.0
2022-08-01,307.673,315.285,300.168,312.383,922800,0.0,0.0
2022-08-02,310.155,314.386,303.725,306.93,701000,0.0,0.0
2022-08-03,308.757,311.845,301.986,310.35,670400,0.0,0.0
2022-08-04,311.425,316.682,308.093,311.924,536000,0.0,0.0
2022-08-05,306.833,317.191,305.924,316.047,510500,0.0,0.0
2022-08-08,316.79,321.715,312.705,314.787,409800,0.0,0.0
2022-08-09,313.682,315.119,310.008,312.588,518400,0.0,0.0
2022-08-10,322.096,323.171,319.321,320.464,558000,0.0,0.0
2022-08-11,323.376,326.532,321.988,324.637,560700,0.0,0.0
2022-08-12,326.816,329.102,324.666,328.868,321300,0.0,0.0
2022-08-15,324.969,330.588,324.969,329.816,399800,0.0,0.0
2022-08-16,327.128,335.825,327.128,331.565,465600,0.0,0.0
2022-08-17,324.246,326.161,322.35,323.816,555000,0.0,0.0
2022-08-18,319.096,319.096,309.735,315.852,1028000,0.0,0.0
2022-08-19,311.777,313.428,306.959,309.461,675900,0.0,0.0
2022-08-22,305.074,308.191,299.836,300.53,567700,0.0,0.0
2022-08-23,299.504,306.363,299.504,300.002,634500,0.0,0.0
2022-08-24,299.992,306.813,297.325,300.969,550600,0.0,0.0
2022-08-25,302.758,312.51,301.517,312.275,457300,0.0,0.0
2022-08-26,309.705,314.337,299.259,299.426,543300,0.0,0.0
2022-08-29,294.882,298.243,293.846,294.354,902200,0.0,0.0
2022-08-30,295.644,296.68,281.182,286.234,979500,0.0,0.0
2022-08-31,287.201,288.677,283.38,285.374,861200,0.0,0.0
2022-09-01,281.68,282.11,275.094,282.1,830700,0.0,0.0
2022-09-02,287.152,290.054,281.445,283.097,657400,0.0,0.0
2022-09-06,283.937,286.644,277.762,285.413,662800,0.0,0.0
2022-09-07,283.537,290.914,283.351,290.328,500600,0.0,0.0
2022-09-08,287.211,298.214,284.924,297.97,546700,0.0,0.0
2022-09-09,300.901,304.712,300.276,304.038,469500,0.0,0.0
2022-09-12,307.321,310.057,301.986,306.246,645400,0.0,0.0
2022-09-13,294.53,295.712,286.869,287.944,833600,0.0,0.0
2022-09-14,288.872,288.872,278.758,283.38,649700,0.0,0.0
2022-09-15,279.354,289.429,279.354,282.12,715700,0.0,0.0
2022-09-16,278.67,279.892,271.899,279.511,1048900,0.0,0.0
2022-09-19,277.635,289.155,276.677,288.677,633300,0.0,0.0
2022-09-20,283.908,284.24,278.69,283.146,608700,0.0,0.0
2022-09-21,286.195,289.224,276.12,276.413,764100,0.0,0.0
2022-09-22,276.159,277.4,264.296,267.032,1014300,0.0,0.0
2022-09-23,262.459,263.593,250.381,257.358,1097500,0.0,0.0
2022-09-26,255.971,263.651,251.72,254.075,728500,0.0,0.0
2022-09-27,258.287,264.452,254.612,258.414,680700,0.0,0.0
2022-09-28,259.84,271.928,258.658,270.697,860200,0.0,0.0
2022-09-29,266.573,267.921,258.384,263.983,534400,0.0,0.0
2022-09-30,262.713,270.316,258.951,263.954,930300,0.0,0.0
2022-10-03,270.081,277.459,267.081,275.182,829200,0.0,0.0
2022-10-04,282.794,287.67,282.745,287.543,478600,0.0,0.0
2022-10-05,282.198,290.162,281.045,287.172,453600,0.0,0.0
2022-10-06,286.439,291.335,285.286,286.879,672700,0.0,0.0
2022-10-07,281.69,284.152,274.488,278.025,828000,0.0,0.0
2022-10-10,280.566,281.924,274.732,275.582,598100,0.0,0.0
2022-10-11,273.667,276.12,267.814,271.42,668700,0.0,0.0
2022-10-12,271.439,275.153,268.039,270.267,668600,0.0,0.0
2022-10-13,263.397,280.263,255.013,276.882,851300,0.0,0.0
2022-10-14,280.351,283.283,269.114,270.677,582700,0.0,0.0
2022-10-17,277.517,282.853,274.195,281.27,542900,0.0,0.0
2022-10-18,289.859,292.536,283.038,288.628,610800,0.0,0.0
2022-10-19,285.305,286.879,277.693,280.302,541300,0.0,0.0
2022-10-20,280.019,282.882,267.785,269.094,956700,0.0,0.0
2022-10-21,268.068,279.354,264.863,278.182,661900,0.0,0.0
2022-10-24,280.41,284.68,275.661,284.094,653100,0.0,0.0
2022-10-25,281.895,290.201,281.563,288.208,841700,0.0,0.0
2022-10-26,290.572,295.615,285.706,289.468,757800,0.0,0.0
2022-10-27,295.028,297.989,286.419,291.755,1047600,0.0,0.0
2022-10-28,294.833,302.767,292.175,302.523,760000,0.0,0.0
2022-10-31,302.504,312.344,301.233,308.503,907400,0.0,0.0
2022-11-01,312.441,315.021,307.096,313.868,652600,0.0,0.0
2022-11-02,312.461,316.702,301.986,302.386,757400,0.0,0.0
2022-11-03,296.895,311.679,296.386,309.109,521300,0.0,0.0
2022-11-04,316.536,318.988,309.715,316.477,579300,0.0,0.0
2022-11-07,319.223,319.223,309.363,315.617,601700,0.0,0.0
2022-11-08,317.357,322.672,313.702,320.347,651400,0.0,0.0
2022-11-09,316.272,318.754,310.126,310.428,545500,0.0,0.0
2022-11-10,325.399,340.281,325.399,337.037,1081800,0.0,0.0
2022-11-11,339.48,354.401,338.346,341.336,1028500,0.0,0.0
2022-11-14,337.125,355.896,336.069,349.936,1153400,0.0,0.0
2022-11-15,359.541,359.541,343.535,346.789,889900,0.0,0.0
2022-11-16,346.095,346.095,335.092,339.275,871400,0.0,0.0
2022-11-17,333.851,344.102,328.272,339.49,795900,0.0,0.0
2022-11-18,345.411,346.848,333.744,337.809,474600,0.0,0.0
2022-11-21,336.353,345.978,334.956,341.121,500100,0.0,0.0
2022-11-22,351.206,351.763,345.626,348.108,641900,0.0,0.0
2022-11-23,347.18,353.659,346.369,350.258,515700,0.0,0.0
2022-11-25,351.782,353.727,346.897,350.835,197700,0.0,0.0
2022-11-28,346.906,350.571,337.76,339.656,674000,0.0,0.0
2022-11-29,340.203,340.985,333.685,334.907,720400,0.0,0.0
2022-11-30,334.203,345.187,329.737,344.972,1218800,0.0,0.0
2022-12-01,345.919,350.268,342.314,348.284,523300,0.0,0.0
2022-12-02,342.587,350.375,339.636,348.431,507600,0.0,0.0
2022-12-05,343.613,346.379,336.939,337.78,470900,0.0,0.0
2022-12-06,339.021,342.05,335.757,339.363,683000,0.0,0.0
2022-12-07,337.428,349.007,337.359,343.496,664800,0.0,0.0
2022-12-08,347.493,353.727,346.398,353.385,862400,0.0,0.0
2022-12-09,353.346,355.173,344.502,344.581,428600,0.0,0.0
2022-12-12,345.968,353.512,342.988,352.222,485900,0.0,0.0
2022-12-13,362.805,363.509,353.453,358.642,731700,0.0,0.0
2022-12-14,358.642,365.375,356.317,359.737,944200,0.0,0.0
2022-12-15,351.831,353.326,345.304,349.271,981600,0.0,0.0
2022-12-16,345.919,351.88,343.652,345.441,1089100,0.0,0.0
2022-12-19,346.134,348.636,341.356,343.232,485500,0.0,0.0
2022-12-20,343.213,345.626,341.288,342.607,555600,0.0,0.0
2022-12-21,345.372,352.144,343.232,351.616,534400,0.0,0.0
2022-12-22,346.496,346.691,335.376,342.871,680900,0.0,0.0
2022-12-23,342.431,347.62,341.649,347.112,270600,0.0,0.0
2022-12-27,347.131,356.336,345.958,350.493,617100,0.0,0.0
2022-12-28,351.138,352.838,343.379,343.848,382400,0.0,0.0
2022-12-29,347.483,352.506,346.271,348.079,404100,0.0,0.0
2022-12-30,344.903,348.489,342.665,347.307,670400,0.0,0.0
